Tên sản phẩm,Giá,Trạng thái,Ngày
iPhone 16 128GB | Chính hãng VN/A,22490000,Còn hàng,2024-10-01 18:47:00
iPhone 16 Pro Max 256GB | Chính hãng VN/A,34990000,Còn hàng,2024-10-01 18:47:00
Samsung Galaxy S24 Ultra 12GB 256GB,27990000,Còn hàng,2024-10-01 18:47:00
iPhone 15 Pro Max 256GB | Chính hãng VN/A,29290000,Còn hàng,2024-10-01 18:47:00
Samsung Galaxy Z Fold6,41990000,Còn hàng,2024-10-01 18:47:00
iPhone 16 Pro 128GB | Chính hãng VN/A,28990000,Còn hàng,2024-10-01 18:47:00
iPhone 13 128GB | Chính hãng VN/A,14090000,Còn hàng,2024-10-01 18:47:00
Xiaomi 14T,13990000,Còn hàng,2024-10-01 18:47:00
iPhone 15 128GB | Chính hãng VN/A,19590000,Còn hàng,2024-10-01 18:47:00
iPhone 14 Pro Max 128GB | Chính hãng VN/A,25590000,Còn hàng,2024-10-01 18:47:00
Samsung Galaxy A15 LTE 8GB 128GB,4490000,Còn hàng,2024-10-01 18:47:00
Samsung Galaxy Z Flip6,26990000,Còn hàng,2024-10-01 18:47:00
Samsung Galaxy S24 FE 5G 8GB 128GB,16990000,Còn hàng,2024-10-01 18:47:00
iPhone 15 Pro 128GB | Chính hãng VN/A,25190000,Còn hàng,2024-10-01 18:47:00
iPhone 15 Plus 128GB | Chính hãng VN/A,22590000,Còn hàng,2024-10-01 18:47:00
Samsung Galaxy S23 Ultra 12GB 512GB,27990000,Còn hàng,2024-10-01 18:47:00
Xiaomi POCO X6 Pro 5G 8GB 256GB - Chỉ có tại CellphoneS,8490000,Còn hàng,2024-10-01 18:47:00
iPhone 12 Pro Max 128GB I Chính hãng VN/A,23490000,Còn hàng,2024-10-01 18:47:00
Xiaomi 14T Pro,17990000,Còn hàng,2024-10-01 18:47:00
Samsung Galaxy S23 8GB 128GB - Chỉ có tại CellphoneS,13590000,Còn hàng,2024-10-01 18:47:00
Xiaomi Redmi Note 13 (6GB 128GB),4390000,Còn hàng,2024-10-01 18:47:00
Xiaomi Redmi 14C,3090000,Còn hàng,2024-10-01 18:47:00
Tecno Pova 6 Neo (8GB 128GB),3990000,Còn hàng,2024-10-01 18:47:00
iPhone 13 Pro Max 128GB | Chính hãng VN/A,22990000,Còn hàng,2024-10-01 18:47:00
OPPO A3 (6GB 128GB),4990000,Còn hàng,2024-10-01 18:47:00
iPhone 14 Pro 128GB | Chính hãng VN/A,22990000,Còn hàng,2024-10-01 18:47:00
Samsung Galaxy S23 Ultra 256GB,23990000,Còn hàng,2024-10-01 18:47:00
Xiaomi Redmi Note 13 Pro Plus 5G 8GB 256GB,9690000,Còn hàng,2024-10-01 18:47:00
Điện thoại Nubia Neo 2,4990000,Còn hàng,2024-10-01 18:47:00
Xiaomi Redmi Note 13 Pro 4G,6690000,Còn hàng,2024-10-01 18:47:00
iPhone 16 Plus 128GB | Chính hãng VN/A,25490000,Còn hàng,2024-10-01 18:47:00
Điện thoại Nubia Music NFC 4GB 128GB (Bản đặc biệt),2390000,Còn hàng,2024-10-01 18:47:00
iPhone 11 64GB | Chính hãng VN/A,8990000,Còn hàng,2024-10-01 18:47:00
iPhone 14 Pro Max 256GB | Chính hãng VN/A,27990000,Còn hàng,2024-10-01 18:47:00
Samsung Galaxy A55 5G 8GB 128GB,9990000,Còn hàng,2024-10-01 18:47:00
iPhone 15 Pro 256GB | Chính hãng VN/A,28190000,Còn hàng,2024-10-01 18:47:00
Samsung Galaxy S23 FE 5G 8GB 128GB,12890000,Còn hàng,2024-10-01 18:47:00
Samsung Galaxy S24 8GB 256GB,17990000,Còn hàng,2024-10-01 18:47:00
Xiaomi POCO M6 (6GB 128GB),3890000,Còn hàng,2024-10-01 18:47:00
OPPO Reno12 F 5G (8GB 256GB),9490000,Còn hàng,2024-10-01 18:47:00
iPhone 15 Pro Max 512GB | Chính hãng VN/A,35590000,Còn hàng,2024-10-01 18:47:00
Infinix Note 40 Pro 8GB 256GB,5790000,Còn hàng,2024-10-01 18:47:00
iPhone 14 128GB  | Chính hãng VN/A,17090000,Còn hàng,2024-10-01 18:47:00
Samsung Galaxy Z Flip5 256GB,14990000,Còn hàng,2024-10-01 18:47:00
ZTE Blade V50 Design 8GB 128GB,2890000,Còn hàng,2024-10-01 18:47:00
Samsung Galaxy A05 4GB 128GB,2790000,Còn hàng,2024-10-01 18:47:00
iPhone 15 Plus 256GB | Chính hãng VN/A,25690000,Còn hàng,2024-10-01 18:47:00
Samsung Galaxy S24 Ultra 12GB 512GB,33490000,Còn hàng,2024-10-01 18:47:00
Samsung Galaxy S24 Plus 12GB 256GB,21990000,Còn hàng,2024-10-01 18:47:00
iPhone 14 Plus 128GB | Chính hãng VN/A,19890000,Còn hàng,2024-10-01 18:47:00
OPPO Reno12 5G (12GB 256GB),12990000,Còn hàng,2024-10-01 18:47:00
iPhone 15 256GB | Chính hãng VN/A,22890000,Còn hàng,2024-10-01 18:47:00
Samsung Galaxy M55 (12GB 256GB),10490000,Còn hàng,2024-10-01 18:47:00
Xiaomi 14 Ultra 5G (16GB 512GB),29990000,Còn hàng,2024-10-01 18:47:00
Xiaomi 14 (12GB 256GB),19990000,Còn hàng,2024-10-01 18:47:00
Samsung Galaxy A35 5G 8GB 128GB,7990000,Còn hàng,2024-10-01 18:47:00
TECNO SPARK 20PRO+,5000000,Còn hàng,2024-10-01 18:47:00
Tecno Pova 6 (8GB/256GB),5890000,Còn hàng,2024-10-01 18:47:00
iPhone 12 64GB | Chính hãng VN/A,10990000,Còn hàng,2024-10-01 18:47:00
Samsung Galaxy Z Flip5 512GB,17490000,Còn hàng,2024-10-01 18:47:00
Nubia Neo 8GB 256GB,4290000,Còn hàng,2024-10-01 18:47:00
Điện thoại Itel RS4 8GB 256GB NFC,3790000,Còn hàng,2024-10-01 18:47:00
iPhone 13 256GB | Chính hãng VN/A,17590000,Còn hàng,2024-10-01 18:47:00
TECNO SPARK Go 2024 4GB 64GB,2050000,Còn hàng,2024-10-01 18:47:00
iPhone 11 128GB | Chính hãng VN/A,10290000,Còn hàng,2024-10-01 18:47:00
Samsung Galaxy A05S 4GB 128GB,3590000,Còn hàng,2024-10-01 18:47:00
Xiaomi 13T Pro 5G (12GB - 512GB) - Chỉ có tại CellphoneS,14790000,Còn hàng,2024-10-01 18:47:00
OPPO Reno10 Pro+ 5G 12GB 256GB,14190000,Còn hàng,2024-10-01 18:47:00
Nokia 220 4G,990000,Còn hàng,2024-10-01 18:47:00
iPhone 16 Pro Max 512GB | Chính hãng VN/A,40990000,Còn hàng,2024-10-01 18:47:00
Samsung Galaxy A25 5G 6GB 128GB,5990000,Còn hàng,2024-10-01 18:47:00
Samsung Galaxy S24 Ultra 12GB 1TB,33490000,Còn hàng,2024-10-01 18:47:00
Điện thoại Nubia V60 Design 6GB 256GB,3090000,Còn hàng,2024-10-01 18:47:00
Xiaomi Redmi 13C 6GB 128GB,2990000,Còn hàng,2024-10-01 18:47:00
iPhone 12 128GB | Chính hãng VN/A,13190000,Còn hàng,2024-10-01 18:47:00
iPhone 13 Pro Max 256GB | Chính hãng VN/A,23990000,Còn hàng,2024-10-01 18:47:00
Samsung Galaxy S23 FE 8GB 256GB,14890000,Còn hàng,2024-10-01 18:47:00
Xiaomi POCO M5 (6GB 128GB),2990000,Còn hàng,2024-10-01 18:47:00
Samsung Galaxy A54 8GB 256GB,7890000,Còn hàng,2024-10-01 18:47:00
Samsung Galaxy S22 Ultra (12GB - 256GB) đã kích hoạt online - Chỉ có tại CellphoneS,18990000,Còn hàng,2024-10-01 18:47:00
Samsung Galaxy S24 Plus 12GB 512GB,25490000,Còn hàng,2024-10-01 18:47:00
iPhone 14 Pro 256GB | Chính hãng VN/A,24990000,Còn hàng,2024-10-01 18:47:00
Samsung Galaxy S24 8GB 512GB,21490000,Còn hàng,2024-10-01 18:47:00
realme C67 (8GB 128GB),4390000,Còn hàng,2024-10-01 18:47:00
iPhone 15 Pro Max 1TB | Chính hãng VN/A,42690000,Còn hàng,2024-10-01 18:47:00
Samsung Galaxy S22 Ultra (8GB - 128GB),30990000,Còn hàng,2024-10-01 18:47:00
Điện thoại Tecno Camon 30 8GB/256GB,5890000,Còn hàng,2024-10-01 18:47:00
Infinix Hot 40i 4GB 128GB,2200000,Còn hàng,2024-10-01 18:47:00
iPhone 12 Pro Max 256GB I Chính hãng VN/A,27590000,Còn hàng,2024-10-01 18:47:00
iPhone 16 Pro 256GB | Chính hãng VN/A,31990000,Còn hàng,2024-10-01 18:47:00
Samsung Galaxy M34 5G 8GB 128GB,5890000,Còn hàng,2024-10-01 18:47:00
Samsung Galaxy Z Fold5 12GB 512GB,29990000,Còn hàng,2024-10-01 18:47:00
TECNO SPARK 20 8GB 128GB,3190000,Còn hàng,2024-10-01 18:47:00
TECNO SPARK Go 1 4GB 64GB,2290000,Còn hàng,2024-10-01 18:47:00
Nokia 3210 4G,1590000,Còn hàng,2024-10-01 18:47:00
Itel S23 8GB 128GB,2390000,Còn hàng,2024-10-01 18:47:00
Infinix Hot 40 Pro Free Fire 8GB 256GB,3950000,Còn hàng,2024-10-01 18:47:00
Điện thoại Sony Xperia 1VI 12GB 256GB,31090000,Còn hàng,2024-10-01 18:47:00
Samsung Galaxy M14 5G 4GB 128GB,4690000,Còn hàng,2024-10-01 18:47:00
iPhone 16 Pro Max 1TB | Chính hãng VN/A,46990000,Còn hàng,2024-10-01 18:47:00
TECNO POVA 5 8GB 128GB,4100000,Còn hàng,2024-10-01 18:47:00
OPPO A79 5G (8GB 256GB),7190000,Còn hàng,2024-10-01 18:47:00
OPPO Find X5 Pro 12GB 256GB - Giá mới chỉ có tại CellphoneS,15990000,Còn hàng,2024-10-01 18:47:00
ZTE Blade V50 Design 8GB 256GB,3090000,Còn hàng,2024-10-01 18:47:00
realme C60 4GB 64GB,2790000,Còn hàng,2024-10-01 18:47:00
Điện thoại Nokia 8210 4G 128MB,1570000,Còn hàng,2024-10-01 18:47:00
iPhone 16 256GB | Chính hãng VN/A,25490000,Còn hàng,2024-10-01 18:47:00
iPhone 16 Pro 1TB | Chính hãng VN/A,43990000,Còn hàng,2024-10-01 18:47:00
realme C53 (8GB 256GB),3850000,Còn hàng,2024-10-01 18:47:00
iPhone 14 Pro Max 1TB | Chính hãng VN/A,41790000,Còn hàng,2024-10-01 18:47:00
Samsung Galaxy S23 8GB 256GB,14590000,Còn hàng,2024-10-01 18:47:00
Điện thoại Sony Xperia 10VI 8GB 128GB,11490000,Còn hàng,2024-10-01 18:47:00
Samsung Galaxy Z Fold6 12GB 512GB,45990000,Còn hàng,2024-10-01 18:47:00
OPPO Reno11 F 5G (8GB 256GB),8490000,Còn hàng,2024-10-01 18:47:00
OPPO Reno10 5G 8GB 256GB,9290000,Còn hàng,2024-10-01 18:47:00
realme C51 6GB 256GB,3590000,Còn hàng,2024-10-01 18:47:00
OPPO A18 4GB 128GB,3690000,Còn hàng,2024-10-01 18:47:00
TECNO SPARK 20C 4GB 128GB,2590000,Còn hàng,2024-10-01 18:47:00
OnePlus Nord CE 3 Lite - Chỉ có tại CellphoneS,5690000,Còn hàng,2024-10-01 18:47:00
Xiaomi Redmi A3 (4GB 128GB),2790000,Còn hàng,2024-10-01 18:47:00
OPPO A3 (8GB - 256GB),6490000,Còn hàng,2024-10-01 18:47:00
Điện thoại Tecno Camon 30 12GB/256GB,6390000,Còn hàng,2024-10-01 18:47:00
vivo V30E 12GB 256GB,10490000,Còn hàng,2024-10-01 18:47:00
OPPO Find N3 16GB 512GB,41990000,Còn hàng,2024-10-01 18:47:00
vivo V29E 8GB 256GB,7990000,Còn hàng,2024-10-01 18:47:00
Itel S23 8GB 256GB,2490000,Còn hàng,2024-10-01 18:47:00
Xiaomi 11T,10990000,Còn hàng,2024-10-01 18:47:00
iPhone 13 512GB | Chính hãng VN/A,25500000,Còn hàng,2024-10-01 18:47:00
Infinix Hot 40i 8GB 256GB,3000000,Còn hàng,2024-10-01 18:47:00
Itel 9310 4G,650000,Còn hàng,2024-10-01 18:47:00
Samsung Galaxy A06 4GB 128GB,3490000,Còn hàng,2024-10-01 18:47:00
realme Note 60,3090000,Còn hàng,2024-10-01 18:47:00
Samsung Galaxy S21 FE 8GB 128GB,15500000,Còn hàng,2024-10-01 18:47:00
Samsung Galaxy Z Fold6 12GB 1TB,52990000,Còn hàng,2024-10-01 18:47:00
Điện thoại Sony Xperia 10 V,9290000,Còn hàng,2024-10-01 18:47:00
TECNO POVA 5 (8GB - 256GB),4690000,Còn hàng,2024-10-01 18:47:00
Samsung Galaxy Z Fold5 12GB 256GB,27990000,Còn hàng,2024-10-01 18:47:00
vivo Y36 8GB 128GB,4990000,Còn hàng,2024-10-01 18:47:00
Điện thoại ZTE Blade A55 4GB 128GB,2190000,Còn hàng,2024-10-01 18:47:00
OPPO A77s 8GB 128GB,5190000,Còn hàng,2024-10-01 18:47:00
Samsung Galaxy Z Flip6 12GB 512GB,30990000,Còn hàng,2024-10-01 18:47:00
Infinix Hot 30i 8GB 128GB,2400000,Còn hàng,2024-10-01 18:47:00
OPPO A78 4G (8GB 256GB),6990000,Còn hàng,2024-10-01 18:47:00
realme C61 (4GB 128GB),3590000,Còn hàng,2024-10-01 18:47:00
Điện thoại ZTE Blade  A55 4GB 64GB,1990000,Còn hàng,2024-10-01 18:47:00
realme C55 8GB 256GB,4550000,Còn hàng,2024-10-01 18:47:00
iPhone 16 Plus 512GB | Chính hãng VN/A,33990000,Còn hàng,2024-10-01 18:47:00
Itel 8010 4G,390000,Còn hàng,2024-10-01 18:47:00
OPPO A58 8GB 128GB,5190000,Còn hàng,2024-10-01 18:47:00
Infinix Hot 30i 4GB 128GB,2100000,Còn hàng,2024-10-01 18:47:00
OPPO Reno7 5G (8GB 256GB),7590000,Còn hàng,2024-10-01 18:47:00
OPPO Find N3 Flip 12GB 256GB,22990000,Còn hàng,2024-10-01 18:47:00
Điện thoại Sony Xperia 1V 12GB 256GB,28190000,Còn hàng,2024-10-01 18:47:00
OPPO A58 4G 6GB 128GB,4690000,Còn hàng,2024-10-01 18:47:00
Itel 9211 4G,490000,Còn hàng,2024-10-01 18:47:00
Điện thoại ZTE Blade A54 4GB 128GB,2190000,Còn hàng,2024-10-01 18:47:00
OPPO Reno8 Z,10490000,Còn hàng,2024-10-01 18:47:00
iPhone 13 Pro 256GB | Chính hãng VN/A,24490000,Còn hàng,2024-10-01 18:47:00
iPhone 16 Plus 256GB | Chính hãng VN/A,28490000,Còn hàng,2024-10-01 18:47:00
realme C55 (6GB - 128GB),3990000,Còn hàng,2024-10-01 18:47:00
OPPO A18 4GB 64GB,3290000,Còn hàng,2024-10-01 18:47:00
OPPO A38 6GB 128GB,4290000,Còn hàng,2024-10-01 18:47:00
Samsung Galaxy S22 Plus (8GB + 128GB),16990000,Còn hàng,2024-10-01 18:47:00
OPPO Reno8,8990000,Còn hàng,2024-10-01 18:47:00
Xiaomi Mi 11 Lite 5G,10490000,Còn hàng,2024-10-01 18:47:00
vivo Y03 4GB 64GB,2990000,Còn hàng,2024-10-01 18:47:00
OPPO Reno 7 Pro,9990000,Còn hàng,2024-10-01 18:47:00
vivo V25e 8GB 128GB,5790000,Còn hàng,2024-10-01 18:47:00
realme C61 (6GB 128GB),3990000,Còn hàng,2024-10-01 18:47:00
Điện thoại benco S1 Pro 8GB 256GB,4290000,Còn hàng,2024-10-01 18:47:00
Viettel T2 4G,550000,Còn hàng,2024-10-01 18:47:00
realme C51 4GB 128GB,2790000,Còn hàng,2024-10-01 18:47:00
OPPO A17K,2790000,Còn hàng,2024-10-01 18:47:00
TECNO Camon 20,4990000,Còn hàng,2024-10-01 18:47:00
vivo Y17s 4GB 128GB,3790000,Còn hàng,2024-10-01 18:47:00
Masstel izi 16 4G,450000,Còn hàng,2024-10-01 18:47:00
vivo Y17s 4GB 64GB,3390000,Còn hàng,2024-10-01 18:47:00
iPhone 16 Pro 512GB | Chính hãng VN/A,37990000,Còn hàng,2024-10-01 18:47:00
Samsung Galaxy Z Flip4 256GB,25990000,Còn hàng,2024-10-01 18:47:00
vivo Y36 8GB 256GB,Giá Liên Hệ,Hết hàng,2024-10-01 18:47:00
Masstel izi T2 4G,460000,Còn hàng,2024-10-01 18:47:00
Xiaomi 11 Lite 5G NE,9490000,Còn hàng,2024-10-01 18:47:00
vivo Y16 4GB 128GB,3690000,Còn hàng,2024-10-01 18:47:00
TCL 406S 4GB 64GB,1990000,Còn hàng,2024-10-01 18:47:00
realme C30s 3GB 64GB,2290000,Còn hàng,2024-10-01 18:47:00
Điện thoại BENCO V91 4GB 128GB,2690000,Còn hàng,2024-10-01 18:47:00
vivo Y18S 6GB 128GB,3990000,Còn hàng,2024-10-01 18:47:00
realme C33 4G (3GB -  32GB),2990000,Còn hàng,2024-10-01 18:47:00
OPPO Reno8 5G (8GB 256GB),13990000,Còn hàng,2024-10-01 18:47:00
realme C51 3GB 64GB,2690000,Còn hàng,2024-10-01 18:47:00
vivo Y02t 4GB 64GB,2790000,Còn hàng,2024-10-01 18:47:00
vivo Y03t 4GB 128GB,3290000,Còn hàng,2024-10-01 18:47:00
iPhone 16 512GB | Chính hãng VN/A,30990000,Còn hàng,2024-10-01 18:47:00
Điện thoại Itel P55 8GB 128GB NFC,2690000,Còn hàng,2024-10-01 18:47:00
realme C33 4GB 64GB,3390000,Còn hàng,2024-10-01 18:47:00
vivo Y03t 4GB 64GB,2990000,Còn hàng,2024-10-01 18:47:00
Masstel Fami 12S 4G,650000,Còn hàng,2024-10-01 18:47:00
Xiaomi 13T 12GB 256GB,10990000,Còn hàng,2024-10-01 18:47:00
Samsung Galaxy A54 5G 8GB 128GB,7390000,Còn hàng,2024-10-01 18:47:00
Nokia HMD 105 4G,650000,Còn hàng,2024-10-01 18:47:00
Xiaomi Redmi Note 12 4GB 128GB,4990000,Còn hàng,2024-10-01 18:47:00
Xiaomi Redmi Note 11 Pro Plus 5G - Chỉ có tại CellphoneS,6090000,Còn hàng,2024-10-01 18:47:00
Xiaomi Redmi Note 12 Pro 5G,7190000,Còn hàng,2024-10-01 18:47:00
iPhone 14 Pro Max 512GB | Chính hãng VN/A,35190000,Còn hàng,2024-10-01 18:47:00
iPhone 13 Pro 128GB | Chính hãng VN/A,21990000,Còn hàng,2024-10-01 18:47:00
iPhone 13 mini 128GB | Chính hãng VN/A,17490000,Còn hàng,2024-10-01 18:47:00
Samsung Galaxy Fold5 12GB 1TB,38990000,Còn hàng,2024-10-01 18:47:00
Samsung Galaxy S23 Plus 8GB 256GB,26990000,Còn hàng,2024-10-01 18:47:00
iPhone 15 Pro 512GB | Chính hãng VN/A,32990000,Còn hàng,2024-10-01 18:47:00
Nokia 105 4G Pro,680000,Còn hàng,2024-10-01 18:47:00
ZTE Blade A52 3GB 64GB,1790000,Còn hàng,2024-10-01 18:47:00
Xiaomi Redmi Note 12 8GB 128GB,4290000,Còn hàng,2024-10-01 18:47:00
Xiaomi Redmi Note 12 Pro 4G 8GB 256GB,5690000,Còn hàng,2024-10-01 18:47:00
Xiaomi 13 (8GB 256GB),16490000,Còn hàng,2024-10-01 18:47:00
Xiaomi 13 Lite,8290000,Còn hàng,2024-10-01 18:47:00
ASUS ROG Phone 6 16GB 512GB - Chỉ có tại CellphoneS,16990000,Còn hàng,2024-10-01 18:47:00
iPhone 14 Plus 256GB | Chính hãng VN/A,22490000,Còn hàng,2024-10-01 18:47:00
realme GT Neo 3,Giá Liên Hệ,Hết hàng,2024-10-01 18:47:00
Redmi K40,Giá Liên Hệ,Hết hàng,2024-10-01 18:47:00
Samsung Galaxy Z Fold4 256GB,22490000,Còn hàng,2024-10-01 18:47:00
ASUS ROG Phone 7 16GB 512GB,21490000,Còn hàng,2024-10-01 18:47:00
Nokia 110 4G Pro,750000,Còn hàng,2024-10-01 18:47:00
Điện thoại ZTE Blade V40 6GB 128GB,2290000,Còn hàng,2024-10-01 18:47:00
Masstel Fami 60S 4G,700000,Còn hàng,2024-10-01 18:47:00
ASUS ROG Phone 7 Ultimate 16GB 512GB - Chỉ có tại CellphoneS,26190000,Còn hàng,2024-10-01 18:47:00
Samsung Galaxy Z Flip4 128GB,23990000,Còn hàng,2024-10-01 18:47:00
Realme Q3 Pro,Giá Liên Hệ,Hết hàng,2024-10-01 18:47:00
Xiaomi 12T 8GB 128GB,8990000,Còn hàng,2024-10-01 18:47:00
ASUS ROG Phone 6 12GB 256GB,14490000,Còn hàng,2024-10-01 18:47:00
Xiaomi 12T Pro,14690000,Còn hàng,2024-10-01 18:47:00
Xiaomi 13 Ultra,Giá Liên Hệ,Hết hàng,2024-10-01 18:47:00
Xiaomi Redmi Note 12 Turbo,Giá Liên Hệ,Hết hàng,2024-10-01 18:47:00
Samsung Galaxy Note 20 Ultra 5G 256GB,32990000,Còn hàng,2024-10-01 18:47:00
Samsung Galaxy A53 (5G),9990000,Còn hàng,2024-10-01 18:47:00
OPPO Find N,Giá Liên Hệ,Hết hàng,2024-10-01 18:47:00
Nokia C32 4GB 128GB,2390000,Còn hàng,2024-10-01 18:47:00
Samsung Galaxy A34 5G 8GB 128GB,7090000,Còn hàng,2024-10-01 18:47:00
Samsung Galaxy S21 Ultra 5G,30990000,Còn hàng,2024-10-01 18:47:00
Samsung Galaxy Z Flip5 512GB Line Friends - Chỉ có tại CellphoneS,17490000,Còn hàng,2024-10-01 18:47:00
iPhone 12 Pro Max 512GB I Chính hãng VN/A,33000000,Còn hàng,2024-10-01 18:47:00
Samsung Galaxy A13 (4G),4190000,Còn hàng,2024-10-01 18:47:00
Xiaomi Poco F4,5890000,Còn hàng,2024-10-01 18:47:00
ASUS ROG Phone 6 Batman 12GB 256GB,14990000,Còn hàng,2024-10-01 18:47:00
Samsung Galaxy A12,4290000,Còn hàng,2024-10-01 18:47:00
realme 11 8GB 128GB,5190000,Còn hàng,2024-10-01 18:47:00
Xiaomi Redmi 12C 4GB 64GB,2190000,Còn hàng,2024-10-01 18:47:00
Xiaomi 11T Pro,11990000,Còn hàng,2024-10-01 18:47:00
Xiaomi Redmi Note 11 128GB,4090000,Còn hàng,2024-10-01 18:47:00
iPhone 15 Pro 1TB | Chính hãng VN/A,38490000,Còn hàng,2024-10-01 18:47:00
Samsung Galaxy A33 (5G),7290000,Còn hàng,2024-10-01 18:47:00
OPPO A57 4GB 64GB,3790000,Còn hàng,2024-10-01 18:47:00
Redmi K50 Gaming Edition,Giá Liên Hệ,Hết hàng,2024-10-01 18:47:00
Xiaomi Redmi Note 11 Pro 5G,5590000,Còn hàng,2024-10-01 18:47:00
INOI Note 13s 8GB 256GB,2790000,Còn hàng,2024-10-01 18:47:00
iPhone XR 64GB I Chính hãng VN/A,11990000,Còn hàng,2024-10-01 18:47:00
Samsung Galaxy Z Fold3 5G 256GB,41990000,Còn hàng,2024-10-01 18:47:00
iPhone 14 Pro 1TB | Chính hãng VN/A,33990000,Còn hàng,2024-10-01 18:47:00
Nubia Red Magic 9 Pro,Giá Liên Hệ,Hết hàng,2024-10-01 18:47:00
Realme GT2 Pro,Giá Liên Hệ,Hết hàng,2024-10-01 18:47:00
Xiaomi Redmi K50,Giá Liên Hệ,Hết hàng,2024-10-01 18:47:00
OPPO Reno8 T 5G (8GB - 128GB),7890000,Còn hàng,2024-10-01 18:47:00
vivo iQOO Z9 Turbo,Giá Liên Hệ,Hết hàng,2024-10-01 18:47:00
Redmi Note 13 Pro 5G,8790000,Còn hàng,2024-10-01 18:47:00
Xiaomi 14T - Xanh dương,14990000,Còn hàng,2024-10-01 18:47:00
Samsung Galaxy S22 Ultra (12GB - 512GB),36990000,Còn hàng,2024-10-01 18:47:00
Huawei Pura 70 Ultra,Giá Liên Hệ,Hết hàng,2024-10-01 18:47:00
Infinix Note 30 5G 8GB 256GB,5290000,Còn hàng,2024-10-01 18:47:00
INOI 288S 4G,1000000,Còn hàng,2024-10-01 18:47:00
Asus Rog phone 8 pro,Giá Liên Hệ,Hết hàng,2024-10-01 18:47:00
OPPO Reno10 128GB,7990000,Còn hàng,2024-10-01 18:47:00
iPhone 12 Pro 128GB I Chính hãng VN/A,24990000,Còn hàng,2024-10-01 18:47:00
Huawei P60 Pro,Giá Liên Hệ,Hết hàng,2024-10-01 18:47:00
realme 11 Pro (8GB -  256GB),9690000,Còn hàng,2024-10-01 18:47:00
Google Pixel 7 Pro,Giá Liên Hệ,Hết hàng,2024-10-01 18:47:00
realme 10 8GB 256GB,7190000,Còn hàng,2024-10-01 18:47:00
Xiaomi Redmi Note 12 Pro 4G,Giá Liên Hệ,Hết hàng,2024-10-01 18:47:00
Xiaomi Redmi Note 11S,4990000,Còn hàng,2024-10-01 18:47:00
Samsung Galaxy Z Fold4 512GB,24490000,Còn hàng,2024-10-01 18:47:00
Redmi A2 2GB 32GB,1590000,Còn hàng,2024-10-01 18:47:00
Samsung Galaxy S21 Plus 5G,25990000,Còn hàng,2024-10-01 18:47:00
Realme GT Neo 5 SE,Giá Liên Hệ,Hết hàng,2024-10-01 18:47:00
Honor 200,Giá Liên Hệ,Hết hàng,2024-10-01 18:47:00
Xiaomi 14 Pro,Giá Liên Hệ,Hết hàng,2024-10-01 18:47:00
Samsung Galaxy M15 5G,5890000,Còn hàng,2024-10-01 18:47:00
Masstel izi S3 4G,470000,Còn hàng,2024-10-01 18:47:00
Honor X9B,Giá Liên Hệ,Hết hàng,2024-10-01 18:47:00
Masstel Izi 15 4G,450000,Còn hàng,2024-10-01 18:47:00
vivo X80,10490000,Còn hàng,2024-10-01 18:47:00
Redmi K60,Giá Liên Hệ,Hết hàng,2024-10-01 18:47:00
OPPO A17,3490000,Còn hàng,2024-10-01 18:47:00
OPPO Reno12 Pro,16090000,Còn hàng,2024-10-01 18:47:00
Điện thoại ZTE Blade A72 3GB 128GB,1990000,Còn hàng,2024-10-01 18:47:00
Samsung Galaxy A04s (4GB - 64GB),3990000,Còn hàng,2024-10-01 18:47:00
TCL 408 4GB 64GB,1990000,Còn hàng,2024-10-01 18:47:00
Honor 200 Pro,Giá Liên Hệ,Hết hàng,2024-10-01 18:47:00
Xiaomi Mix Fold 4,Giá Liên Hệ,Hết hàng,2024-10-01 18:47:00
Honor Magic 6 Pro,Giá Liên Hệ,Hết hàng,2024-10-01 18:47:00
TECNO Camon 20 Pro,4600000,Còn hàng,2024-10-01 18:47:00
Google Pixel 7,Giá Liên Hệ,Hết hàng,2024-10-01 18:47:00
Xiaomi Redmi K70 Pro,Giá Liên Hệ,Hết hàng,2024-10-01 18:47:00
OnePlus Nord 3 5G 16GB 256GB,11950000,Còn hàng,2024-10-01 18:47:00
realme C35 4GB 64GB,4290000,Còn hàng,2024-10-01 18:47:00
Honor Magic 5 Pro,Giá Liên Hệ,Hết hàng,2024-10-01 18:47:00
iPhone 13 Pro Max 512GB I Chính hãng VN/A,25990000,Còn hàng,2024-10-01 18:47:00
Meizu 20,Giá Liên Hệ,Hết hàng,2024-10-01 18:47:00
Redmi K60 Pro 5G,Giá Liên Hệ,Hết hàng,2024-10-01 18:47:00
Samsung Galaxy A06 4GB 64GB,Giá Liên Hệ,Hết hàng,2024-10-01 18:47:00
iPhone 13 Pro 512GB | Chính hãng VN/A,25490000,Còn hàng,2024-10-01 18:47:00
Realme GT Neo 6,Giá Liên Hệ,Hết hàng,2024-10-01 18:47:00
ZTE Nubia Z60 Ultra,Giá Liên Hệ,Hết hàng,2024-10-01 18:47:00
iPhone 14 256GB | Chính hãng VN/A,19890000,Còn hàng,2024-10-01 18:47:00
Nokia 110 4G,840000,Còn hàng,2024-10-01 18:47:00
vivo X100 Pro,Giá Liên Hệ,Hết hàng,2024-10-01 18:47:00
Samsung Galaxy S24FE 5G 8GB 256GB,Giá Liên Hệ,Hết hàng,2024-10-01 18:47:00
realme C63 8GB 128GB,Giá Liên Hệ,Hết hàng,2024-10-01 18:47:00
realme GT Neo 5,Giá Liên Hệ,Hết hàng,2024-10-01 18:47:00
Huawei Mate 60 Pro,Giá Liên Hệ,Hết hàng,2024-10-01 18:47:00
Xiaomi POCO F5 Pro,Giá Liên Hệ,Hết hàng,2024-10-01 18:47:00
Google Pixel 6,Giá Liên Hệ,Hết hàng,2024-10-01 18:47:00
Google Pixel 8 Pro,Giá Liên Hệ,Hết hàng,2024-10-01 18:47:00
Leitz Phone 1,Giá Liên Hệ,Hết hàng,2024-10-01 18:47:00
Samsung Galaxy A16,Giá Liên Hệ,Hết hàng,2024-10-01 18:47:00
Xiaomi Redmi Note 14 Pro,Giá Liên Hệ,Hết hàng,2024-10-01 18:47:00
TCL 40SE 6GB 256GB,3490000,Còn hàng,2024-10-01 18:47:00
Điện thoại Nokia 105 4G 128MB,770000,Còn hàng,2024-10-01 18:47:00
OPPO A60,5050000,Còn hàng,2024-10-01 18:47:00
Xiaomi Black Shark 5,Giá Liên Hệ,Hết hàng,2024-10-01 18:47:00
POCO F6,Giá Liên Hệ,Hết hàng,2024-10-01 18:47:00
OPPO Find N2,Giá Liên Hệ,Hết hàng,2024-10-01 18:47:00
Xiaomi Redmi Note 12 Pro 4G-Xanh dương,Giá Liên Hệ,Hết hàng,2024-10-01 18:47:00
Honor Magic 5,Giá Liên Hệ,Hết hàng,2024-10-01 18:47:00
realme C65 6GB 128GB,3590000,Còn hàng,2024-10-01 18:47:00
Xiaomi Redmi 13 6GB 128GB - Đã Kích Hoạt,3290000,Còn hàng,2024-10-01 18:47:00
Oneplus 10T 5G 16GB 256GB,15990000,Còn hàng,2024-10-01 18:47:00
TCL 408 4GB 128GB,2090000,Còn hàng,2024-10-01 18:47:00
OPPO A98 5G,Giá Liên Hệ,Hết hàng,2024-10-01 18:47:00
Infinix GT 20 Pro 12GB 256GB,Giá Liên Hệ,Hết hàng,2024-10-01 18:47:00
Sharp Aquos R8,Giá Liên Hệ,Hết hàng,2024-10-01 18:47:00
realme C65s,5090000,Còn hàng,2024-10-01 18:47:00
Samsung Galaxy A74,Giá Liên Hệ,Hết hàng,2024-10-01 18:47:00
Xiaomi Redmi Note 13 Turbo,Giá Liên Hệ,Hết hàng,2024-10-01 18:47:00
Vivo X80 Pro,10490000,Còn hàng,2024-10-01 18:47:00
Xiaomi POCO C65,Giá Liên Hệ,Hết hàng,2024-10-01 18:47:00
Samsung Galaxy A24,Giá Liên Hệ,Hết hàng,2024-10-01 18:47:00
Honor X40 5G,Giá Liên Hệ,Hết hàng,2024-10-01 18:47:00
Asus Rog Phone 8 ultimate,Giá Liên Hệ,Hết hàng,2024-10-01 18:47:00
Samsung Galaxy A75,Giá Liên Hệ,Hết hàng,2024-10-01 18:47:00
Xiaomi Redmi Note 13 Pro 8GB 256GB,Giá Liên Hệ,Hết hàng,2024-10-01 18:47:00
realme 12 4G 8GB 256GB,7990000,Còn hàng,2024-10-01 18:47:00
Masstel IZI 30,600000,Còn hàng,2024-10-01 18:47:00
OPPO Reno9 Pro,Giá Liên Hệ,Hết hàng,2024-10-01 18:47:00
Huawei Pura 70 Pro,Giá Liên Hệ,Hết hàng,2024-10-01 18:47:00
vivo Y02s 3G 32GB,2290000,Còn hàng,2024-10-01 18:47:00
ASUS ROG Phone 4,Giá Liên Hệ,Hết hàng,2024-10-01 18:47:00
huawei p60 art,Giá Liên Hệ,Hết hàng,2024-10-01 18:47:00
OPPO A3X,3990000,Còn hàng,2024-10-01 18:47:00
Tecno Spark 8C 4GB 64GB,2990000,Còn hàng,2024-10-01 18:47:00
Google Pixel 6 Pro,Giá Liên Hệ,Hết hàng,2024-10-01 18:47:00
Xiaomi Redmi Note 12T Pro,Giá Liên Hệ,Hết hàng,2024-10-01 18:47:00
OPPO Reno12 5G (12GB 512GB),Giá Liên Hệ,Hết hàng,2024-10-01 18:47:00
Nothing Phone 2,Giá Liên Hệ,Hết hàng,2024-10-01 18:47:00
Infinix Note 30 Pro,Giá Liên Hệ,Hết hàng,2024-10-01 18:47:00
Samsung Galaxy Z Flip3 5G 256GB,26990000,Còn hàng,2024-10-01 18:47:00
Xiaomi Redmi K70,Giá Liên Hệ,Hết hàng,2024-10-01 18:47:00
vivo X Note,Giá Liên Hệ,Hết hàng,2024-10-01 18:47:00
POCO M6 Plus 5G,Giá Liên Hệ,Hết hàng,2024-10-01 18:47:00
Xiaomi Redmi 13 8GB 128GB - Cũ Trầy Xước,2790000,Còn hàng,2024-10-01 18:47:00
Xiaomi Mix Fold 3,Giá Liên Hệ,Hết hàng,2024-10-01 18:47:00
Vivo Y100,7050000,Còn hàng,2024-10-01 18:47:00
Xiaomi Mi 10 Ultra,Giá Liên Hệ,Hết hàng,2024-10-01 18:47:00
Huawei P60,Giá Liên Hệ,Hết hàng,2024-10-01 18:47:00
HTC Wildfire E3 Lite,Giá Liên Hệ,Hết hàng,2024-10-01 18:47:00
Xiaomi Mi 10T,Giá Liên Hệ,Hết hàng,2024-10-01 18:47:00
Nokia 5.4,4190000,Còn hàng,2024-10-01 18:47:00
Xiaomi Redmi K70e,Giá Liên Hệ,Hết hàng,2024-10-01 18:47:00
vivo Y18,2890000,Còn hàng,2024-10-01 18:47:00
OPPO Find X7 Pro,Giá Liên Hệ,Hết hàng,2024-10-01 18:47:00
vivo X90 Pro,Giá Liên Hệ,Hết hàng,2024-10-01 18:47:00
TECNO SPARK 30C,Giá Liên Hệ,Hết hàng,2024-10-01 18:47:00
Vivo V27,Giá Liên Hệ,Hết hàng,2024-10-01 18:47:00
realme 10 Pro Plus,Giá Liên Hệ,Hết hàng,2024-10-01 18:47:00
OnePlus Nord CE 4 Lite,Giá Liên Hệ,Hết hàng,2024-10-01 18:47:00
realme Note 50,2790000,Còn hàng,2024-10-01 18:47:00
Tecno POP 5 LTE,2390000,Còn hàng,2024-10-01 18:47:00
realme GT 5,Giá Liên Hệ,Hết hàng,2024-10-01 18:47:00
iPhone SE 2022 256GB | Chính hãng VN/A,15990000,Còn hàng,2024-10-01 18:47:00
Google Pixel 5,Giá Liên Hệ,Hết hàng,2024-10-01 18:47:00
Samsung Galaxy A15 5G,Giá Liên Hệ,Hết hàng,2024-10-01 18:47:00
OPPO A2m,Giá Liên Hệ,Hết hàng,2024-10-01 18:47:00
Samsung Galaxy Buddy2,Giá Liên Hệ,Hết hàng,2024-10-01 18:47:00
Vivo T1 5G,7990000,Còn hàng,2024-10-01 18:47:00
vivo IQOO Neo 8,Giá Liên Hệ,Hết hàng,2024-10-01 18:47:00
realme C35 4GB 128GB,4990000,Còn hàng,2024-10-01 18:47:00
Huawei P50 Pro,Giá Liên Hệ,Hết hàng,2024-10-01 18:47:00
Honor 200 Lite,Giá Liên Hệ,Hết hàng,2024-10-01 18:47:00
OPPO A1x,Giá Liên Hệ,Hết hàng,2024-10-01 18:47:00
Realme V30t,Giá Liên Hệ,Hết hàng,2024-10-01 18:47:00
Realme GT Neo,Giá Liên Hệ,Hết hàng,2024-10-01 18:47:00
vivo iQOO Z9,Giá Liên Hệ,Hết hàng,2024-10-01 18:47:00
Google Pixel Fold,Giá Liên Hệ,Hết hàng,2024-10-01 18:47:00
Xiaomi Redmi Note 13R Pro,Giá Liên Hệ,Hết hàng,2024-10-01 18:47:00
INOI A83 6GB 128GB,Giá Liên Hệ,Hết hàng,2024-10-01 18:47:00
Nothing Phone 1,Giá Liên Hệ,Hết hàng,2024-10-01 18:47:00
Xiaomi Redmi Note 13s,Giá Liên Hệ,Hết hàng,2024-10-01 18:47:00
Asus ROG Phone 7 Pro,Giá Liên Hệ,Hết hàng,2024-10-01 18:47:00
Xiaomi Mix Alpha,Giá Liên Hệ,Hết hàng,2024-10-01 18:47:00
Realme Narzo 50i Prime,Giá Liên Hệ,Hết hàng,2024-10-01 18:47:00
realme Narzo 50,Giá Liên Hệ,Hết hàng,2024-10-01 18:47:00
Xiaomi 14 Lite,Giá Liên Hệ,Hết hàng,2024-10-01 18:47:00
Red Magic 7S Pro,Giá Liên Hệ,Hết hàng,2024-10-01 18:47:00
Meizu 20 Pro,Giá Liên Hệ,Hết hàng,2024-10-01 18:47:00
Nokia C31 4GB 128GB,3690000,Còn hàng,2024-10-01 18:47:00
Vivo X90 Pro Plus,Giá Liên Hệ,Hết hàng,2024-10-01 18:47:00
Oneplus Ace 2 Pro,Giá Liên Hệ,Hết hàng,2024-10-01 18:47:00
Honor 90 Pro,Giá Liên Hệ,Hết hàng,2024-10-01 18:47:00
Vivo iQOO 9 Pro,Giá Liên Hệ,Hết hàng,2024-10-01 18:47:00
vivo iQOO Z9x,Giá Liên Hệ,Hết hàng,2024-10-01 18:47:00
Vivo Y56,Giá Liên Hệ,Hết hàng,2024-10-01 18:47:00
OnePlus Ace 2V,Giá Liên Hệ,Hết hàng,2024-10-01 18:47:00
OPPO Reno11 Pro 5G,16090000,Còn hàng,2024-10-01 18:47:00
Realme V30,Giá Liên Hệ,Hết hàng,2024-10-01 18:47:00
OPPO K10x,Giá Liên Hệ,Hết hàng,2024-10-01 18:47:00
Oneplus 12,Giá Liên Hệ,Hết hàng,2024-10-01 18:47:00
Infinix Hot 20 Play,Giá Liên Hệ,Hết hàng,2024-10-01 18:47:00
Google Pixel 4 XL,Giá Liên Hệ,Hết hàng,2024-10-01 18:47:00
Xiaomi Black Shark 6,Giá Liên Hệ,Hết hàng,2024-10-01 18:47:00
OPPO A58 8GB 256GB,Giá Liên Hệ,Hết hàng,2024-10-01 18:47:00
Vivo iQOO 12,Giá Liên Hệ,Hết hàng,2024-10-01 18:47:00
Xiaomi Redmi Note 10T,Giá Liên Hệ,Hết hàng,2024-10-01 18:47:00
Tecno Spark 8C 4GB 128GB,3390000,Còn hàng,2024-10-01 18:47:00
Honor X9,Giá Liên Hệ,Hết hàng,2024-10-01 18:47:00
TECNO Camon 20 Pro 5G,Giá Liên Hệ,Hết hàng,2024-10-01 18:47:00
Xiaomi Black Shark 6 Pro,Giá Liên Hệ,Hết hàng,2024-10-01 18:47:00
Xiaomi Redmi K50 Pro,Giá Liên Hệ,Hết hàng,2024-10-01 18:47:00
Motorola Razr 40 Ultra,Giá Liên Hệ,Hết hàng,2024-10-01 18:47:00
Huawei Mate 50 Pro,Giá Liên Hệ,Hết hàng,2024-10-01 18:47:00
Honor 90 Lite,Giá Liên Hệ,Hết hàng,2024-10-01 18:47:00
OPPO Reno11 5G,9050000,Còn hàng,2024-10-01 18:47:00
Realme GT3,Giá Liên Hệ,Hết hàng,2024-10-01 18:47:00
Infinix Zero 30,Giá Liên Hệ,Hết hàng,2024-10-01 18:47:00
Xiaomi Redmi Note 13 8GB 256GB,Giá Liên Hệ,Hết hàng,2024-10-01 18:47:00
OnePlus 11 Pro,Giá Liên Hệ,Hết hàng,2024-10-01 18:47:00
Vivo Y66,Giá Liên Hệ,Hết hàng,2024-10-01 18:47:00
OPPO Find X6,Giá Liên Hệ,Hết hàng,2024-10-01 18:47:00
Masstel Hapi 30,Giá Liên Hệ,Hết hàng,2024-10-01 18:47:00
Honor X50i+,Giá Liên Hệ,Hết hàng,2024-10-01 18:47:00
ASUS ROG Phone 6D,Giá Liên Hệ,Hết hàng,2024-10-01 18:47:00
Oneplus Open,Giá Liên Hệ,Hết hàng,2024-10-01 18:47:00
Motorola Edge plus,Giá Liên Hệ,Hết hàng,2024-10-01 18:47:00
Google Pixel 3,Giá Liên Hệ,Hết hàng,2024-10-01 18:47:00
vivo V30 Pro,Giá Liên Hệ,Hết hàng,2024-10-01 18:47:00
OPPO A97,Giá Liên Hệ,Hết hàng,2024-10-01 18:47:00
Tecno Spark 10C,Giá Liên Hệ,Hết hàng,2024-10-01 18:47:00
Huawei Nova 11i,Giá Liên Hệ,Hết hàng,2024-10-01 18:47:00
Honor X7a,Giá Liên Hệ,Hết hàng,2024-10-01 18:47:00
TECNO Camon 20 Premier,Giá Liên Hệ,Hết hàng,2024-10-01 18:47:00
Motorola Rizr Rollable,Giá Liên Hệ,Hết hàng,2024-10-01 18:47:00
Xiaomi CIVI 3,Giá Liên Hệ,Hết hàng,2024-10-01 18:47:00
Xiaomi Redmi Note 13 12GB 256GB,Giá Liên Hệ,Hết hàng,2024-10-01 18:47:00
Honor X5 Plus,Giá Liên Hệ,Hết hàng,2024-10-01 18:47:00
Xiaomi Redmi Note 12R Pro,Giá Liên Hệ,Hết hàng,2024-10-01 18:47:00
OPPO Find X6 Pro,Giá Liên Hệ,Hết hàng,2024-10-01 18:47:00
OPPO Reno12 F 5G 12GB-256GB,Giá Liên Hệ,Hết hàng,2024-10-01 18:47:00
Huawei Nova 12 Pro,Giá Liên Hệ,Hết hàng,2024-10-01 18:47:00
Oppo K3,Giá Liên Hệ,Hết hàng,2024-10-01 18:47:00
Vivo V27 Pro,Giá Liên Hệ,Hết hàng,2024-10-01 18:47:00
OPPO A2x,Giá Liên Hệ,Hết hàng,2024-10-01 18:47:00
Huawei Pura 70,Giá Liên Hệ,Hết hàng,2024-10-01 18:47:00
Google Pixel 2 XL,Giá Liên Hệ,Hết hàng,2024-10-01 18:47:00
Xiaomi Redmi Note 12 Pro+,Giá Liên Hệ,Hết hàng,2024-10-01 18:47:00
Leitz Phone 2,Giá Liên Hệ,Hết hàng,2024-10-01 18:47:00
Nubia Focus 5G 8GB 256GB,Giá Liên Hệ,Hết hàng,2024-10-01 18:47:00
Honor Magic V2,Giá Liên Hệ,Hết hàng,2024-10-01 18:47:00
OnePlus 9 Pro,Giá Liên Hệ,Hết hàng,2024-10-01 18:47:00
Blackview N6000,Giá Liên Hệ,Hết hàng,2024-10-01 18:47:00
Samsung Galaxy C55,Giá Liên Hệ,Hết hàng,2024-10-01 18:47:00
Xiaomi 14 Ultra 8GB 256GB,Giá Liên Hệ,Hết hàng,2024-10-01 18:47:00
Google Pixel 4a,Giá Liên Hệ,Hết hàng,2024-10-01 18:47:00
Vivo V26 Pro,Giá Liên Hệ,Hết hàng,2024-10-01 18:47:00
Lenovo Legion Y70,Giá Liên Hệ,Hết hàng,2024-10-01 18:47:00
OnePlus Ace 3 Pro,Giá Liên Hệ,Hết hàng,2024-10-01 18:47:00
Google Pixel 2,Giá Liên Hệ,Hết hàng,2024-10-01 18:47:00
Xiaomi Redmi K40 Pro+,Giá Liên Hệ,Hết hàng,2024-10-01 18:47:00
Google Pixel 3 XL,Giá Liên Hệ,Hết hàng,2024-10-01 18:47:00
Vivo Y30 5G,Giá Liên Hệ,Hết hàng,2024-10-01 18:47:00
OPPO A1 Pro,Giá Liên Hệ,Hết hàng,2024-10-01 18:47:00
Redmi K60 Ultra,Giá Liên Hệ,Hết hàng,2024-10-01 18:47:00
ZenFone 10,Giá Liên Hệ,Hết hàng,2024-10-01 18:47:00
OPPO A56,Giá Liên Hệ,Hết hàng,2024-10-01 18:47:00
Vivo X Fold Plus,Giá Liên Hệ,Hết hàng,2024-10-01 18:47:00
Nokia 150,Giá Liên Hệ,Hết hàng,2024-10-01 18:47:00
vivo Y22,Giá Liên Hệ,Hết hàng,2024-10-01 18:47:00
Vivo X Fold 3,Giá Liên Hệ,Hết hàng,2024-10-01 18:47:00
OPPO Find X 7,Giá Liên Hệ,Hết hàng,2024-10-01 18:47:00
Infinix Note 40 5G,Giá Liên Hệ,Hết hàng,2024-10-01 18:47:00
Honor X8A,Giá Liên Hệ,Hết hàng,2024-10-01 18:47:00
Google Pixel 5a,Giá Liên Hệ,Hết hàng,2024-10-01 18:47:00
Huawei Pocket S,Giá Liên Hệ,Hết hàng,2024-10-01 18:47:00
OPPO A2 Pro,Giá Liên Hệ,Hết hàng,2024-10-01 18:47:00
Motorola Edge 40,Giá Liên Hệ,Hết hàng,2024-10-01 18:47:00
Nokia 130,Giá Liên Hệ,Hết hàng,2024-10-01 18:47:00
Xperia 1 V,Giá Liên Hệ,Hết hàng,2024-10-01 18:47:00
Vivo V29,Giá Liên Hệ,Hết hàng,2024-10-01 18:47:00
Nubia Red Magic 6S (16GB - 256GB),Giá Liên Hệ,Hết hàng,2024-10-01 18:47:00
Oppo F17 Pro,Giá Liên Hệ,Hết hàng,2024-10-01 18:47:00
Huawei P50 Pocket S,Giá Liên Hệ,Hết hàng,2024-10-01 18:47:00
Honor Magic 2,Giá Liên Hệ,Hết hàng,2024-10-01 18:47:00
OPPO Reno9 Pro Plus,Giá Liên Hệ,Hết hàng,2024-10-01 18:47:00
TCL 505,Giá Liên Hệ,Hết hàng,2024-10-01 18:47:00
ViVo iQOO 10 Pro,Giá Liên Hệ,Hết hàng,2024-10-01 18:47:00
Honor X6,Giá Liên Hệ,Hết hàng,2024-10-01 18:47:00
Realme V20 5G,Giá Liên Hệ,Hết hàng,2024-10-01 18:47:00
Huawei Nova 10,Giá Liên Hệ,Hết hàng,2024-10-01 18:47:00
Xiaomi Civi 1S,Giá Liên Hệ,Hết hàng,2024-10-01 18:47:00
Redmi Note 12T Pro,Giá Liên Hệ,Hết hàng,2024-10-01 18:47:00
Vivo Y97,Giá Liên Hệ,Hết hàng,2024-10-01 18:47:00
Samsung Galaxy M16 5G,Giá Liên Hệ,Hết hàng,2024-10-01 18:47:00
Lenovo Xiaoxin Pad Pro 2022,Giá Liên Hệ,Hết hàng,2024-10-01 18:47:00
OnePlus Nord N30,Giá Liên Hệ,Hết hàng,2024-10-01 18:47:00
realme GT6,Giá Liên Hệ,Hết hàng,2024-10-01 18:47:00
Nubia Z40S Pro,Giá Liên Hệ,Hết hàng,2024-10-01 18:47:00
Nubia Redmagic 8s Pro 16GB 512GB Transparent,Giá Liên Hệ,Hết hàng,2024-10-01 18:47:00
Infinix Zero 5G,Giá Liên Hệ,Hết hàng,2024-10-01 18:47:00
Xiaomi Mi MIX Fold 2,Giá Liên Hệ,Hết hàng,2024-10-01 18:47:00
Huawei Nova 10 Pro,Giá Liên Hệ,Hết hàng,2024-10-01 18:47:00
Realme 10 Pro,Giá Liên Hệ,Hết hàng,2024-10-01 18:47:00
Xiaomi Poco F4 GT,Giá Liên Hệ,Hết hàng,2024-10-01 18:47:00
Xiaomi Redmi Note 14,Giá Liên Hệ,Hết hàng,2024-10-01 18:47:00
realme 13 5G,Giá Liên Hệ,Hết hàng,2024-10-01 18:47:00
Samsung Galaxy F55 5G,Giá Liên Hệ,Hết hàng,2024-10-01 18:47:00
Oneplus Nord N300,Giá Liên Hệ,Hết hàng,2024-10-01 18:47:00
Vivo Y67,Giá Liên Hệ,Hết hàng,2024-10-01 18:47:00
vivo S19 Pro,Giá Liên Hệ,Hết hàng,2024-10-01 18:47:00
OPPO A2,Giá Liên Hệ,Hết hàng,2024-10-01 18:47:00
ASUS ROG Phone 6 Mediatek,Giá Liên Hệ,Hết hàng,2024-10-01 18:47:00
Huawei Pura 70 Pro+,Giá Liên Hệ,Hết hàng,2024-10-01 18:47:00
Sony Xperia 5 IV,Giá Liên Hệ,Hết hàng,2024-10-01 18:47:00
ViVo iQOO 10,Giá Liên Hệ,Hết hàng,2024-10-01 18:47:00
ZTE Nubia Z50 Ultra,Giá Liên Hệ,Hết hàng,2024-10-01 18:47:00
Xiaomii 14 Lite 12GB 512GB,Giá Liên Hệ,Hết hàng,2024-10-01 18:47:00
Xiaomi 14 12GB 256GB,Giá Liên Hệ,Hết hàng,2024-10-01 18:47:00
vivo T3x,Giá Liên Hệ,Hết hàng,2024-10-01 18:47:00
realme GT 5 Pro,Giá Liên Hệ,Hết hàng,2024-10-01 18:47:00
Xiaomi 14 12GB 512GB,Giá Liên Hệ,Hết hàng,2024-10-01 18:47:00
vivo Y38 5G,Giá Liên Hệ,Hết hàng,2024-10-01 18:47:00
OPPO Reno 11 A,Giá Liên Hệ,Hết hàng,2024-10-01 18:47:00
Doogee V30 Pro,Giá Liên Hệ,Hết hàng,2024-10-01 18:47:00
Black Shark 5S Pro,Giá Liên Hệ,Hết hàng,2024-10-01 18:47:00
Masstel Hapi 15,Giá Liên Hệ,Hết hàng,2024-10-01 18:47:00
realme C67 8GB 128GB,Giá Liên Hệ,Hết hàng,2024-10-01 18:47:00
Realme Narzo N53,Giá Liên Hệ,Hết hàng,2024-10-01 18:47:00
Realme GT Neo 5 Pro,Giá Liên Hệ,Hết hàng,2024-10-01 18:47:00
OPPO K11,Giá Liên Hệ,Hết hàng,2024-10-01 18:47:00
Xiaomi 14 8GB 256GB,Giá Liên Hệ,Hết hàng,2024-10-01 18:47:00
Vivo iQOO Neo 8 Pro,Giá Liên Hệ,Hết hàng,2024-10-01 18:47:00
Vivo Y77,Giá Liên Hệ,Hết hàng,2024-10-01 18:47:00
OPPO K11x,Giá Liên Hệ,Hết hàng,2024-10-01 18:47:00
Motorola Edge 40 Pro,Giá Liên Hệ,Hết hàng,2024-10-01 18:47:00
Vivo S17,Giá Liên Hệ,Hết hàng,2024-10-01 18:47:00
Samsung Galaxy M44,Giá Liên Hệ,Hết hàng,2024-10-01 18:47:00
OnePlus Nord N20 SE,Giá Liên Hệ,Hết hàng,2024-10-01 18:47:00
Redmi Note 11R,Giá Liên Hệ,Hết hàng,2024-10-01 18:47:00
Vivo Y01,Giá Liên Hệ,Hết hàng,2024-10-01 18:47:00
ROG Phone 6D Ultimate,Giá Liên Hệ,Hết hàng,2024-10-01 18:47:00
Samsung Galaxy Z Flip 5 8GB 512GB,Giá Liên Hệ,Hết hàng,2024-10-01 18:47:00
Mobell M331 4G,Giá Liên Hệ,Hết hàng,2024-10-01 18:47:00
Sony Xperia X Compact,Giá Liên Hệ,Hết hàng,2024-10-01 18:47:00
Motorola Moto G13,Giá Liên Hệ,Hết hàng,2024-10-01 18:47:00
Motorola Moto G73,Giá Liên Hệ,Hết hàng,2024-10-01 18:47:00
Vivo iQOO 9T,Giá Liên Hệ,Hết hàng,2024-10-01 18:47:00
Xiaomi Redmi Note 13 Pro 5G,Giá Liên Hệ,Hết hàng,2024-10-01 18:47:00
Vivo V29 Pro,Giá Liên Hệ,Hết hàng,2024-10-01 18:47:00
Vivo Y85,Giá Liên Hệ,Hết hàng,2024-10-01 18:47:00
Nokia X30 5G,Giá Liên Hệ,Hết hàng,2024-10-01 18:47:00
OPPO K10 Pro,Giá Liên Hệ,Hết hàng,2024-10-01 18:47:00
vivo y100i,Giá Liên Hệ,Hết hàng,2024-10-01 18:47:00
OnePlus V Fold,Giá Liên Hệ,Hết hàng,2024-10-01 18:47:00
Honor 90,Giá Liên Hệ,Hết hàng,2024-10-01 18:47:00
OPPO F27 Pro Plus,Giá Liên Hệ,Hết hàng,2024-10-01 18:47:00
Xiaomi Redmi Note 13 Pro Plus 4G,Giá Liên Hệ,Hết hàng,2024-10-01 18:47:00
Doogee S100 Pro,Giá Liên Hệ,Hết hàng,2024-10-01 18:47:00
Honor X7,Giá Liên Hệ,Hết hàng,2024-10-01 18:47:00
Honor Magic V,Giá Liên Hệ,Hết hàng,2024-10-01 18:47:00
realme 11 Pro+ (Plus),Giá Liên Hệ,Hết hàng,2024-10-01 18:47:00
Infinix Hot 40,Giá Liên Hệ,Hết hàng,2024-10-01 18:47:00
Xiaomi Redmi Note 13 8GB 128GB,Giá Liên Hệ,Hết hàng,2024-10-01 18:47:00
realme 12 Pro plus,Giá Liên Hệ,Hết hàng,2024-10-01 18:47:00
realme C67 (8GB 256GB),Giá Liên Hệ,Hết hàng,2024-10-01 18:47:00
Xiaomi POCO C55,Giá Liên Hệ,Hết hàng,2024-10-01 18:47:00
Honor X6A,Giá Liên Hệ,Hết hàng,2024-10-01 18:47:00
Honor 90 512GB,Giá Liên Hệ,Hết hàng,2024-10-01 18:47:00
Vivo S1,Giá Liên Hệ,Hết hàng,2024-10-01 18:47:00
Masstel Lux 10,Giá Liên Hệ,Hết hàng,2024-10-01 18:47:00
Itel A70,Giá Liên Hệ,Hết hàng,2024-10-01 18:47:00
Xiaomi POCO C50,Giá Liên Hệ,Hết hàng,2024-10-01 18:47:00
Samsung Galaxy F54 5G,Giá Liên Hệ,Hết hàng,2024-10-01 18:47:00
Vivo X100,Giá Liên Hệ,Hết hàng,2024-10-01 18:47:00
Samsung Galaxy F34 5G,Giá Liên Hệ,Hết hàng,2024-10-01 18:47:00
Samsung Galaxy Z Fold 7 Ultra,Giá Liên Hệ,Hết hàng,2024-10-01 18:47:00
Tecno Pop 5 Pro,Giá Liên Hệ,Hết hàng,2024-10-01 18:47:00
realme 10T,Giá Liên Hệ,Hết hàng,2024-10-01 18:47:00
Realme Narzo N55,Giá Liên Hệ,Hết hàng,2024-10-01 18:47:00
OPPO A1,Giá Liên Hệ,Hết hàng,2024-10-01 18:47:00
Huawei Enjoy 20 Plus,Giá Liên Hệ,Hết hàng,2024-10-01 18:47:00
Realme 9i 5G,Giá Liên Hệ,Hết hàng,2024-10-01 18:47:00
Redmi 11A,Giá Liên Hệ,Hết hàng,2024-10-01 18:47:00
Blackview A95,Giá Liên Hệ,Hết hàng,2024-10-01 18:47:00
Vivo Y52,Giá Liên Hệ,Hết hàng,2024-10-01 18:47:00
Samsung Galaxy Z Fold7,Giá Liên Hệ,Hết hàng,2024-10-01 18:47:00
Redmi A2 3GB 32GB,2190000,Còn hàng,2024-10-01 18:47:00
Tecno Pop 6 Pro,Giá Liên Hệ,Hết hàng,2024-10-01 18:47:00
Samsung W22,Giá Liên Hệ,Hết hàng,2024-10-01 18:47:00
Xiaomi 14 Ultra 12GB 256GB,Giá Liên Hệ,Hết hàng,2024-10-01 18:47:00
Vivo Nex 3,Giá Liên Hệ,Hết hàng,2024-10-01 18:47:00
Xiaomi POCO C51,Giá Liên Hệ,Hết hàng,2024-10-01 18:47:00
Vivo X70 Pro+,Giá Liên Hệ,Hết hàng,2024-10-01 18:47:00
Honor 80 Pro,Giá Liên Hệ,Hết hàng,2024-10-01 18:47:00
Samsung Galaxy A9 Pro 2018,Giá Liên Hệ,Hết hàng,2024-10-01 18:47:00
realme 13 Plus,Giá Liên Hệ,Hết hàng,2024-10-01 18:47:00
Xiaomi Redmi K80 Pro,Giá Liên Hệ,Hết hàng,2024-10-01 18:47:00
realme GT 7,Giá Liên Hệ,Hết hàng,2024-10-01 18:47:00
Nokia C12,Giá Liên Hệ,Hết hàng,2024-10-01 18:47:00
Google Pixel 6a,Giá Liên Hệ,Hết hàng,2024-10-01 18:47:00
Honor 80 Pro Plus,Giá Liên Hệ,Hết hàng,2024-10-01 18:47:00
Motorola Moto E13,Giá Liên Hệ,Hết hàng,2024-10-01 18:47:00
Nokia C02,Giá Liên Hệ,Hết hàng,2024-10-01 18:47:00
Vivo X80 Pro Plus,Giá Liên Hệ,Hết hàng,2024-10-01 18:47:00
Honor Tab 8,Giá Liên Hệ,Hết hàng,2024-10-01 18:47:00
Vivo iQOO Z6,Giá Liên Hệ,Hết hàng,2024-10-01 18:47:00
Masstel Izi 55 4g,Giá Liên Hệ,Hết hàng,2024-10-01 18:47:00
Masstel X9,Giá Liên Hệ,Hết hàng,2024-10-01 18:47:00
OPPO Reno9 Lite,Giá Liên Hệ,Hết hàng,2024-10-01 18:47:00
Oppo Reno8 4G,Giá Liên Hệ,Hết hàng,2024-10-01 18:47:00
Vivo iQOO Z7,Giá Liên Hệ,Hết hàng,2024-10-01 18:47:00
Huawei Enjoy 60 Pro,Giá Liên Hệ,Hết hàng,2024-10-01 18:47:00
OPPO PHF110,Giá Liên Hệ,Hết hàng,2024-10-01 18:47:00
Xiaomi Redmi 11 Prime 5G,Giá Liên Hệ,Hết hàng,2024-10-01 18:47:00
Realme C55 8GB 128GB,Giá Liên Hệ,Hết hàng,2024-10-01 18:47:00
HTC U23 Pro,Giá Liên Hệ,Hết hàng,2024-10-01 18:47:00
Black Shark 5S,Giá Liên Hệ,Hết hàng,2024-10-01 18:47:00
Vivo S12 Pro,Giá Liên Hệ,Hết hàng,2024-10-01 18:47:00
vivo y78,Giá Liên Hệ,Hết hàng,2024-10-01 18:47:00
Mobell F209 4G,Giá Liên Hệ,Hết hàng,2024-10-01 18:47:00
Xiaomi 14 Pro 12GB 256GB,Giá Liên Hệ,Hết hàng,2024-10-01 18:47:00
TECNO CAMON 30S 8GB 256GB,Giá Liên Hệ,Hết hàng,2024-10-01 18:47:00
TECNO SPARK 30 5G 8GB 128GB,Giá Liên Hệ,Hết hàng,2024-10-01 18:47:00
Xiaomi 14T 12GB 512GB,Giá Liên Hệ,Hết hàng,2024-10-01 18:47:00
Vivo Y95,Giá Liên Hệ,Hết hàng,2024-10-01 18:47:00
Vivo iQOO Z7x,Giá Liên Hệ,Hết hàng,2024-10-01 18:47:00
Huawei Enjoy 60X,Giá Liên Hệ,Hết hàng,2024-10-01 18:47:00
Xiaomi Redmi A2+,Giá Liên Hệ,Hết hàng,2024-10-01 18:47:00
Vivo Y35 plus,Giá Liên Hệ,Hết hàng,2024-10-01 18:47:00
realme 12 Pro,Giá Liên Hệ,Hết hàng,2024-10-01 18:47:00
Huawei Nova 11 SE,Giá Liên Hệ,Hết hàng,2024-10-01 18:47:00
OnePlus Nord CE 2 Lite 5G,Giá Liên Hệ,Hết hàng,2024-10-01 18:47:00
Lenovo ThinkPhone,Giá Liên Hệ,Hết hàng,2024-10-01 18:47:00
Samsung Galaxy Z Flip7,Giá Liên Hệ,Hết hàng,2024-10-01 18:47:00
Xiaomi 14 Pro 8GB 256GB,Giá Liên Hệ,Hết hàng,2024-10-01 18:47:00
Samsung Galaxy S25 FE,Giá Liên Hệ,Hết hàng,2024-10-01 18:47:00
Motorola Moto G22,Giá Liên Hệ,Hết hàng,2024-10-01 18:47:00
Masstel Tab 10.4,Giá Liên Hệ,Hết hàng,2024-10-01 18:47:00
Vivo V29 Lite 5G,Giá Liên Hệ,Hết hàng,2024-10-01 18:47:00
Xiaomi Black Shark 6 RS,Giá Liên Hệ,Hết hàng,2024-10-01 18:47:00
Vivo V9,Giá Liên Hệ,Hết hàng,2024-10-01 18:47:00
Vivo V7,Giá Liên Hệ,Hết hàng,2024-10-01 18:47:00
Xiaomi 14 Ultra 12GB 512GB,Giá Liên Hệ,Hết hàng,2024-10-01 18:47:00
OPPO F23 5G,Giá Liên Hệ,Hết hàng,2024-10-01 18:47:00
Huawei Nova Y91,Giá Liên Hệ,Hết hàng,2024-10-01 18:47:00
vivo S19,Giá Liên Hệ,Hết hàng,2024-10-01 18:47:00
Vivo V26,Giá Liên Hệ,Hết hàng,2024-10-01 18:47:00
Honor 80,Giá Liên Hệ,Hết hàng,2024-10-01 18:47:00
vivo Y200i,Giá Liên Hệ,Hết hàng,2024-10-01 18:47:00
Samsung Galaxy S25,Giá Liên Hệ,Hết hàng,2024-10-01 18:47:00
masstel izi 300,Giá Liên Hệ,Hết hàng,2024-10-01 18:47:00
Masstel X5,Giá Liên Hệ,Hết hàng,2024-10-01 18:47:00
Masstel Izi 26 4G,Giá Liên Hệ,Hết hàng,2024-10-01 18:47:00
Huawei Mate 50E,Giá Liên Hệ,Hết hàng,2024-10-01 18:47:00
Xperia 5 V,Giá Liên Hệ,Hết hàng,2024-10-01 18:47:00
Honor 80 GT,Giá Liên Hệ,Hết hàng,2024-10-01 18:47:00
Samsung Galaxy A14 4G 6GB 128GB,Giá Liên Hệ,Hết hàng,2024-10-01 18:47:00
Huawei Nova 9 SE,Giá Liên Hệ,Hết hàng,2024-10-01 18:47:00
OPPO A57e,Giá Liên Hệ,Hết hàng,2024-10-01 18:47:00
Vivo Y27s,Giá Liên Hệ,Hết hàng,2024-10-01 18:47:00
iQOO Neo 7 Pro,Giá Liên Hệ,Hết hàng,2024-10-01 18:47:00
Nokia 6.3,Giá Liên Hệ,Hết hàng,2024-10-01 18:47:00
iQOO Neo 7,Giá Liên Hệ,Hết hàng,2024-10-01 18:47:00
Samsung W23,Giá Liên Hệ,Hết hàng,2024-10-01 18:47:00
Vivo X80 Lite,Giá Liên Hệ,Hết hàng,2024-10-01 18:47:00
vivo Y200 GT,Giá Liên Hệ,Hết hàng,2024-10-01 18:47:00
Vivo S16 Pro,Giá Liên Hệ,Hết hàng,2024-10-01 18:47:00
Vsmart Bee 5,1590000,Còn hàng,2024-10-01 18:47:00
OPPO A56s,Giá Liên Hệ,Hết hàng,2024-10-01 18:47:00
Vivo S15e,Giá Liên Hệ,Hết hàng,2024-10-01 18:47:00
Masstel x1,Giá Liên Hệ,Hết hàng,2024-10-01 18:47:00
Masstel Tab 10A,Giá Liên Hệ,Hết hàng,2024-10-01 18:47:00
OPPO Reno10 Z,Giá Liên Hệ,Hết hàng,2024-10-01 18:47:00
Honor Play 7T,Giá Liên Hệ,Hết hàng,2024-10-01 18:47:00
Vivo S17e,Giá Liên Hệ,Hết hàng,2024-10-01 18:47:00
Masstel Izi 10,Giá Liên Hệ,Hết hàng,2024-10-01 18:47:00
Nokia T10,Giá Liên Hệ,Hết hàng,2024-10-01 18:47:00
Nokia Hero 5G,Giá Liên Hệ,Hết hàng,2024-10-01 18:47:00
Masstel Izi 10 4G,Giá Liên Hệ,Hết hàng,2024-10-01 18:47:00
Xiaomi Redmi Note 11SE,Giá Liên Hệ,Hết hàng,2024-10-01 18:47:00
Oppo F19 Pro Plus,Giá Liên Hệ,Hết hàng,2024-10-01 18:47:00
realme 11X 5G,Giá Liên Hệ,Hết hàng,2024-10-01 18:47:00
masstel x6,Giá Liên Hệ,Hết hàng,2024-10-01 18:47:00
Sharp Rouvo V,Giá Liên Hệ,Hết hàng,2024-10-01 18:47:00
Nokia 4.3,Giá Liên Hệ,Hết hàng,2024-10-01 18:47:00
Vivo Y91,Giá Liên Hệ,Hết hàng,2024-10-01 18:47:00
Vivo X90S,Giá Liên Hệ,Hết hàng,2024-10-01 18:47:00
OPPO F23 Pro,Giá Liên Hệ,Hết hàng,2024-10-01 18:47:00
Vivo S17t,Giá Liên Hệ,Hết hàng,2024-10-01 18:47:00
Xiaomi 14T Pro 8GB 256GB,Giá Liên Hệ,Hết hàng,2024-10-01 18:47:00
Xiaomi 14 8GB 128GB,Giá Liên Hệ,Hết hàng,2024-10-01 18:47:00
Asus Red Magic 10,Giá Liên Hệ,Hết hàng,2024-10-01 18:47:00
OPPO F27 Pro,Giá Liên Hệ,Hết hàng,2024-10-01 18:47:00
Vsmart Lux,Giá Liên Hệ,Hết hàng,2024-10-01 18:47:00
Huawei Nova 10z,Giá Liên Hệ,Hết hàng,2024-10-01 18:47:00
Vivo Y75s,Giá Liên Hệ,Hết hàng,2024-10-01 18:47:00
vivo y12,Giá Liên Hệ,Hết hàng,2024-10-01 18:47:00
iQOO 11,Giá Liên Hệ,Hết hàng,2024-10-01 18:47:00
Honor Play 30,Giá Liên Hệ,Hết hàng,2024-10-01 18:47:00
masstel fami 60,Giá Liên Hệ,Hết hàng,2024-10-01 18:47:00
Moto G Power 5G,Giá Liên Hệ,Hết hàng,2024-10-01 18:47:00
HTC A104,Giá Liên Hệ,Hết hàng,2024-10-01 18:47:00
Huawei Nova Y71,Giá Liên Hệ,Hết hàng,2024-10-01 18:47:00
vivo Y18e,Giá Liên Hệ,Hết hàng,2024-10-01 18:47:00
vivo Y78+,Giá Liên Hệ,Hết hàng,2024-10-01 18:47:00
Vivo iQOO 11s,Giá Liên Hệ,Hết hàng,2024-10-01 18:47:00
vivo Y36t,Giá Liên Hệ,Hết hàng,2024-10-01 18:47:00
OPPO Find X8,Giá Liên Hệ,Hết hàng,2024-10-01 18:47:00
Xiaomi 14 Civi,Giá Liên Hệ,Hết hàng,2024-10-01 18:47:00
TCL 50SE,Giá Liên Hệ,Hết hàng,2024-10-01 18:47:00
Xiaomi 14 Pro 12GB 512GB,Giá Liên Hệ,Hết hàng,2024-10-01 18:47:00
Samsung Galaxy Note 10e,Giá Liên Hệ,Hết hàng,2024-10-01 18:47:00
Huawei Mate 30,Giá Liên Hệ,Hết hàng,2024-10-01 18:47:00
Xiaomi Redmi K20,Giá Liên Hệ,Hết hàng,2024-10-01 18:47:00
Samsung Galaxy Fold Bloom,Giá Liên Hệ,Hết hàng,2024-10-01 18:47:00
Xiaomi F9S,Giá Liên Hệ,Hết hàng,2024-10-01 18:47:00
Samsung Galaxy Note 10 512GB,Giá Liên Hệ,Hết hàng,2024-10-01 18:47:00
Vivo Y52t,Giá Liên Hệ,Hết hàng,2024-10-01 18:47:00
Redmi Note 11 SE,Giá Liên Hệ,Hết hàng,2024-10-01 18:47:00
Redmi Note 11 Prime 5G,Giá Liên Hệ,Hết hàng,2024-10-01 18:47:00
Vivo Y73t,Giá Liên Hệ,Hết hàng,2024-10-01 18:47:00
Xiaomi 12i HyperCharge,Giá Liên Hệ,Hết hàng,2024-10-01 18:47:00
Realme 10 Ultra,Giá Liên Hệ,Hết hàng,2024-10-01 18:47:00
Samsung Galaxy F04s,Giá Liên Hệ,Hết hàng,2024-10-01 18:47:00
Masstel Tab 10,Giá Liên Hệ,Hết hàng,2024-10-01 18:47:00
masstel izi 20 4g,Giá Liên Hệ,Hết hàng,2024-10-01 18:47:00
Masstel Izi 25 4G,Giá Liên Hệ,Hết hàng,2024-10-01 18:47:00
Realme Ace,Giá Liên Hệ,Hết hàng,2024-10-01 18:47:00
Samsung Galaxy M22s,Giá Liên Hệ,Hết hàng,2024-10-01 18:47:00
Huawei Mate 50,Giá Liên Hệ,Hết hàng,2024-10-01 18:47:00
Bphone 2021,Giá Liên Hệ,Hết hàng,2024-10-01 18:47:00
Xiaomi Mi Mix 4 Pro,Giá Liên Hệ,Hết hàng,2024-10-01 18:47:00
OnePlus 9,Giá Liên Hệ,Hết hàng,2024-10-01 18:47:00
Xiaomi Mi Mix 4 Pro Max,Giá Liên Hệ,Hết hàng,2024-10-01 18:47:00
ASUS ROG Phone 5 Pro,Giá Liên Hệ,Hết hàng,2024-10-01 18:47:00
ASUS ROG Phone 5 Ultimate,Giá Liên Hệ,Hết hàng,2024-10-01 18:47:00
Xiaomi Mi MIX Fold,Giá Liên Hệ,Hết hàng,2024-10-01 18:47:00
Xiaomi Redmi 20X,Giá Liên Hệ,Hết hàng,2024-10-01 18:47:00
Asus Zenfone 8 Mini,Giá Liên Hệ,Hết hàng,2024-10-01 18:47:00
Vivo X60 Pro+,Giá Liên Hệ,Hết hàng,2024-10-01 18:47:00
Realme X9 5G,Giá Liên Hệ,Hết hàng,2024-10-01 18:47:00
Realme X9 Pro,Giá Liên Hệ,Hết hàng,2024-10-01 18:47:00
Vivo S7t,Giá Liên Hệ,Hết hàng,2024-10-01 18:47:00
Oppo Reno 5K,Giá Liên Hệ,Hết hàng,2024-10-01 18:47:00
Realme C15s,Giá Liên Hệ,Hết hàng,2024-10-01 18:47:00
Realme X3 Pro,Giá Liên Hệ,Hết hàng,2024-10-01 18:47:00
Samsung Galaxy K748,Giá Liên Hệ,Hết hàng,2024-10-01 18:47:00
Honor 70 Lite,Giá Liên Hệ,Hết hàng,2024-10-01 18:47:00
Xiaomi Redmi 10 Power,Giá Liên Hệ,Hết hàng,2024-10-01 18:47:00
Realme V23 5G,Giá Liên Hệ,Hết hàng,2024-10-01 18:47:00
Vivo T1 Pro 5G,Giá Liên Hệ,Hết hàng,2024-10-01 18:47:00
Vivo T2 5G,Giá Liên Hệ,Hết hàng,2024-10-01 18:47:00
Huawei Mate Xs 2,Giá Liên Hệ,Hết hàng,2024-10-01 18:47:00
Nokia N73,Giá Liên Hệ,Hết hàng,2024-10-01 18:47:00
Xiaomi 12S,Giá Liên Hệ,Hết hàng,2024-10-01 18:47:00
OnePlus 10 Pro,Giá Liên Hệ,Hết hàng,2024-10-01 18:47:00
Oppo A93s,Giá Liên Hệ,Hết hàng,2024-10-01 18:47:00
OnePlus 9RT,Giá Liên Hệ,Hết hàng,2024-10-01 18:47:00
Vivo X70T Pro,Giá Liên Hệ,Hết hàng,2024-10-01 18:47:00
Realme GT Neo 2,Giá Liên Hệ,Hết hàng,2024-10-01 18:47:00
Oppo K9 Pro,Giá Liên Hệ,Hết hàng,2024-10-01 18:47:00
ROG Phone 6 Pro,Giá Liên Hệ,Hết hàng,2024-10-01 18:47:00
Redmi K50i 5G,Giá Liên Hệ,Hết hàng,2024-10-01 18:47:00
Xiaomi Mi CC10,Giá Liên Hệ,Hết hàng,2024-10-01 18:47:00
Vivo Y73,Giá Liên Hệ,Hết hàng,2024-10-01 18:47:00
OnePlus Nord N200,Giá Liên Hệ,Hết hàng,2024-10-01 18:47:00
Vivo Y12A,Giá Liên Hệ,Hết hàng,2024-10-01 18:47:00
Realme Q3,Giá Liên Hệ,Hết hàng,2024-10-01 18:47:00
Xiaomi Mi 11X Pro,Giá Liên Hệ,Hết hàng,2024-10-01 18:47:00
Nokia X50,Giá Liên Hệ,Hết hàng,2024-10-01 18:47:00
Vivo Y76s,Giá Liên Hệ,Hết hàng,2024-10-01 18:47:00
Xiaomi Redmi K40 Light Luxury Edition,Giá Liên Hệ,Hết hàng,2024-10-01 18:47:00
OnePlus Nord CE,Giá Liên Hệ,Hết hàng,2024-10-01 18:47:00
vivo iQOO Z6x,Giá Liên Hệ,Hết hàng,2024-10-01 18:47:00
Samsung Galaxy F22,Giá Liên Hệ,Hết hàng,2024-10-01 18:47:00
Samsung Galaxy S30,Giá Liên Hệ,Hết hàng,2024-10-01 18:47:00
Samsung Galaxy A12s,Giá Liên Hệ,Hết hàng,2024-10-01 18:47:00
Honor X8 5G,Giá Liên Hệ,Hết hàng,2024-10-01 18:47:00
Oneplus Nord CE2,Giá Liên Hệ,Hết hàng,2024-10-01 18:47:00
Xiaomi 12S Ultra,Giá Liên Hệ,Hết hàng,2024-10-01 18:47:00
Honor Play 7T Pro,Giá Liên Hệ,Hết hàng,2024-10-01 18:47:00
OPPO Reno9 Z,Giá Liên Hệ,Hết hàng,2024-10-01 18:47:00
Honor X50i,Giá Liên Hệ,Hết hàng,2024-10-01 18:47:00
Samsung Galaxy Fold5,Giá Liên Hệ,Hết hàng,2024-10-01 18:47:00
Nubia Focus,Giá Liên Hệ,Hết hàng,2024-10-01 18:47:00
Điện thoại Philips E527,Giá Liên Hệ,Hết hàng,2024-10-01 18:47:00
realme C60s 4GB 64GB,Giá Liên Hệ,Hết hàng,2024-10-01 18:47:00
Oppo A77 5G,Giá Liên Hệ,Hết hàng,2024-10-01 18:47:00
OPPO Reno8 Pro Plus,Giá Liên Hệ,Hết hàng,2024-10-01 18:47:00
OnePlus Ace Pro,Giá Liên Hệ,Hết hàng,2024-10-01 18:47:00
Samsung Galaxy A82,Giá Liên Hệ,Hết hàng,2024-10-01 18:47:00
Realme V13,Giá Liên Hệ,Hết hàng,2024-10-01 18:47:00
Huawei Nova 8 SE,Giá Liên Hệ,Hết hàng,2024-10-01 18:47:00
Huawei Enjoy 20,Giá Liên Hệ,Hết hàng,2024-10-01 18:47:00
Oppo F17,Giá Liên Hệ,Hết hàng,2024-10-01 18:47:00
Nokia C01 Plus,Giá Liên Hệ,Hết hàng,2024-10-01 18:47:00
Realme C20A,Giá Liên Hệ,Hết hàng,2024-10-01 18:47:00
Huawei Nova 8i,Giá Liên Hệ,Hết hàng,2024-10-01 18:47:00
Oppo Reno7 SE,Giá Liên Hệ,Hết hàng,2024-10-01 18:47:00
Vivo Y54s,Giá Liên Hệ,Hết hàng,2024-10-01 18:47:00
Oppo A55s,Giá Liên Hệ,Hết hàng,2024-10-01 18:47:00
Realme C31,Giá Liên Hệ,Hết hàng,2024-10-01 18:47:00
Vivo Y75,Giá Liên Hệ,Hết hàng,2024-10-01 18:47:00
Vivo Y74s,Giá Liên Hệ,Hết hàng,2024-10-01 18:47:00
Realme V25,Giá Liên Hệ,Hết hàng,2024-10-01 18:47:00
Realme V23i,Giá Liên Hệ,Hết hàng,2024-10-01 18:47:00
Vivo Y32,Giá Liên Hệ,Hết hàng,2024-10-01 18:47:00
OPPO K9x,Giá Liên Hệ,Hết hàng,2024-10-01 18:47:00
Xiaomi Redmi Note 11T 5G,Giá Liên Hệ,Hết hàng,2024-10-01 18:47:00
HTC A102,Giá Liên Hệ,Hết hàng,2024-10-01 18:47:00
OPPO F21s Pro,Giá Liên Hệ,Hết hàng,2024-10-01 18:47:00
Vivo Y81,Giá Liên Hệ,Hết hàng,2024-10-01 18:47:00
Honor Play 40C,Giá Liên Hệ,Hết hàng,2024-10-01 18:47:00
Samsung Galaxy F13,Giá Liên Hệ,Hết hàng,2024-10-01 18:47:00
Oppo K7x,Giá Liên Hệ,Hết hàng,2024-10-01 18:47:00
Oppo F19 Pro,Giá Liên Hệ,Hết hàng,2024-10-01 18:47:00
Oppo F19,Giá Liên Hệ,Hết hàng,2024-10-01 18:47:00
Xiaomi Poco C3,Giá Liên Hệ,Hết hàng,2024-10-01 18:47:00
Realme 4 Pro,Giá Liên Hệ,Hết hàng,2024-10-01 18:47:00
Realme C4,Giá Liên Hệ,Hết hàng,2024-10-01 18:47:00
Huawei Y7a,Giá Liên Hệ,Hết hàng,2024-10-01 18:47:00
Samsung Galaxy A3 Core,Giá Liên Hệ,Hết hàng,2024-10-01 18:47:00
Vivo S9e,Giá Liên Hệ,Hết hàng,2024-10-01 18:47:00
Samsung Galaxy A02,Giá Liên Hệ,Hết hàng,2024-10-01 18:47:00
OPPO A16e,Giá Liên Hệ,Hết hàng,2024-10-01 18:47:00
Huawei Nova 7 SE,Giá Liên Hệ,Hết hàng,2024-10-01 18:47:00
Samsung Galaxy A13 6GB 128GB,Giá Liên Hệ,Hết hàng,2024-10-01 18:47:00
Vivo Y21T,Giá Liên Hệ,Hết hàng,2024-10-01 18:47:00
OnePlus Nord 2 CE,Giá Liên Hệ,Hết hàng,2024-10-01 18:47:00
Xiaomi Redmi 11 Prime 4G,Giá Liên Hệ,Hết hàng,2024-10-01 18:47:00
Oppo R11 Pro,Giá Liên Hệ,Hết hàng,2024-10-01 18:47:00
Samsung Galaxy J7 Duo Chính hãng,Giá Liên Hệ,Hết hàng,2024-10-01 18:47:00
Realme V15,Giá Liên Hệ,Hết hàng,2024-10-01 18:47:00
Nokia 7.1 Plus,Giá Liên Hệ,Hết hàng,2024-10-01 18:47:00
Vivo Y32t,Giá Liên Hệ,Hết hàng,2024-10-01 18:47:00
Honor 8C,Giá Liên Hệ,Hết hàng,2024-10-01 18:47:00
Vivo S17 Pro,Giá Liên Hệ,Hết hàng,2024-10-01 18:47:00
Huawei Mate 40E,Giá Liên Hệ,Hết hàng,2024-10-01 18:47:00
Honor V20,Giá Liên Hệ,Hết hàng,2024-10-01 18:47:00
Huawei Mate 20X,Giá Liên Hệ,Hết hàng,2024-10-01 18:47:00
Vivo X60,Giá Liên Hệ,Hết hàng,2024-10-01 18:47:00
Oppo Reno 5G,Giá Liên Hệ,Hết hàng,2024-10-01 18:47:00
Xiaomi Redmi K40 Pro,Giá Liên Hệ,Hết hàng,2024-10-01 18:47:00
Samsung Galaxy M62,Giá Liên Hệ,Hết hàng,2024-10-01 18:47:00
Huawei P30,17990000,Còn hàng,2024-10-01 18:47:00
Huawei P30 Pro,23990000,Còn hàng,2024-10-01 18:47:00
Huawei P30 Lite,7490000,Còn hàng,2024-10-01 18:47:00
Huawei Nova 8 Pro,Giá Liên Hệ,Hết hàng,2024-10-01 18:47:00
Nokia 9.3,Giá Liên Hệ,Hết hàng,2024-10-01 18:47:00
Xiaomi Poco M3 Pro,Giá Liên Hệ,Hết hàng,2024-10-01 18:47:00
Vivo S9,Giá Liên Hệ,Hết hàng,2024-10-01 18:47:00
Xiaomi 12 Ultra,Giá Liên Hệ,Hết hàng,2024-10-01 18:47:00
Samsung Galaxy A42 5G,Giá Liên Hệ,Hết hàng,2024-10-01 18:47:00
Oppo Find Z,Giá Liên Hệ,Hết hàng,2024-10-01 18:47:00
Huawei Y6S 2019,Giá Liên Hệ,Hết hàng,2024-10-01 18:47:00
Samsung Galaxy Xcover 5,Giá Liên Hệ,Hết hàng,2024-10-01 18:47:00
OPPO Find X3 Lite,Giá Liên Hệ,Hết hàng,2024-10-01 18:47:00
Samsung Galaxy A51 6GB,7990000,Còn hàng,2024-10-01 18:47:00
Oppo Reno 9,Giá Liên Hệ,Hết hàng,2024-10-01 18:47:00
Realme GT 2,Giá Liên Hệ,Hết hàng,2024-10-01 18:47:00
Realme Narzo 9i,Giá Liên Hệ,Hết hàng,2024-10-01 18:47:00
Xiaomi 12 Lite Zoom,Giá Liên Hệ,Hết hàng,2024-10-01 18:47:00
Realme GT 2 Fold,Giá Liên Hệ,Hết hàng,2024-10-01 18:47:00
realme GT 5 Pro SE,Giá Liên Hệ,Hết hàng,2024-10-01 18:47:00
Huawei Nova 8,Giá Liên Hệ,Hết hàng,2024-10-01 18:47:00
ASUS ROG Phone 8,Giá Liên Hệ,Hết hàng,2024-10-01 18:47:00
iQOO 11 Pro,Giá Liên Hệ,Hết hàng,2024-10-01 18:47:00
Vivo V21e,Giá Liên Hệ,Hết hàng,2024-10-01 18:47:00
Samsung Galaxy A22s,Giá Liên Hệ,Hết hàng,2024-10-01 18:47:00
Xiaomi POCO X4,Giá Liên Hệ,Hết hàng,2024-10-01 18:47:00
Realme GT Master Edition,Giá Liên Hệ,Hết hàng,2024-10-01 18:47:00
Nubia Z30 Pro,Giá Liên Hệ,Hết hàng,2024-10-01 18:47:00
Oppo Reno 6 Pro Plus,Giá Liên Hệ,Hết hàng,2024-10-01 18:47:00
Realme XT 730G,Giá Liên Hệ,Hết hàng,2024-10-01 18:47:00
Samsung Galaxy M35 5G (8GB 256GB),8490000,Còn hàng,2024-10-01 18:47:00
Điện thoại Vivo Y28,5090000,Còn hàng,2024-10-01 18:47:00
Xiaomi 14 16GB - 1TB,Giá Liên Hệ,Hết hàng,2024-10-01 18:47:00
POCO M6 Plus,Giá Liên Hệ,Hết hàng,2024-10-01 18:47:00
Xiaomi 15 Ultra,Giá Liên Hệ,Hết hàng,2024-10-01 18:47:00
Xiaomi 15,Giá Liên Hệ,Hết hàng,2024-10-01 18:47:00
Xiaomi Redmi Turbo 4,Giá Liên Hệ,Hết hàng,2024-10-01 18:47:00
Điện thoại vivo Y03 (4GB 128GB),2890000,Còn hàng,2024-10-01 18:47:00
realme 13 Plus 5G,Giá Liên Hệ,Hết hàng,2024-10-01 18:47:00
vivo Y200 Pro,Giá Liên Hệ,Hết hàng,2024-10-01 18:47:00
vivo X100s,Giá Liên Hệ,Hết hàng,2024-10-01 18:47:00
Xiaomi 14T 12GB 256GB,Giá Liên Hệ,Hết hàng,2024-10-01 18:47:00
Oppo F11 Plus,Giá Liên Hệ,Hết hàng,2024-10-01 18:47:00
Xiaomi 14T Pro 12GB 512GB,Giá Liên Hệ,Hết hàng,2024-10-01 18:47:00
Samsung Galaxy A34 8GB 256GB-Bạc,Giá Liên Hệ,Hết hàng,2024-10-01 18:47:00
Điện thoại Tecno Camon 30,Giá Liên Hệ,Hết hàng,2024-10-01 18:47:00
Xiaomi Redmi 11 Pro,Giá Liên Hệ,Hết hàng,2024-10-01 18:47:00
Samsung W23 Flip,Giá Liên Hệ,Hết hàng,2024-10-01 18:47:00
Xiaomi Redmi Note 10 Lite,Giá Liên Hệ,Hết hàng,2024-10-01 18:47:00
Nubia Red Magic 6S (12GB - 128GB),Giá Liên Hệ,Hết hàng,2024-10-01 18:47:00
Xiaomi 12 Lite,Giá Liên Hệ,Hết hàng,2024-10-01 18:47:00
Samsung Galaxy S22 Note,Giá Liên Hệ,Hết hàng,2024-10-01 18:47:00
Nokia G11,Giá Liên Hệ,Hết hàng,2024-10-01 18:47:00
ASUS 8z,Giá Liên Hệ,Hết hàng,2024-10-01 18:47:00
Samsung Galaxy XCover Pro 2,Giá Liên Hệ,Hết hàng,2024-10-01 18:47:00
Xiaomi Redmi K40S,Giá Liên Hệ,Hết hàng,2024-10-01 18:47:00
OPPO F21 Pro,Giá Liên Hệ,Hết hàng,2024-10-01 18:47:00
Nokia 8.4,Giá Liên Hệ,Hết hàng,2024-10-01 18:47:00
Oppo Reno5 Lite,Giá Liên Hệ,Hết hàng,2024-10-01 18:47:00
Vivo Nex 5,Giá Liên Hệ,Hết hàng,2024-10-01 18:47:00
Vivo Y20G,Giá Liên Hệ,Hết hàng,2024-10-01 18:47:00
Realme Narzo 30,Giá Liên Hệ,Hết hàng,2024-10-01 18:47:00
Xiaomi Mi 11 Ultra,Giá Liên Hệ,Hết hàng,2024-10-01 18:47:00
Xiaomi Mi 11i 8G 256GB,Giá Liên Hệ,Hết hàng,2024-10-01 18:47:00
Realme Narzo 30 Pro,Giá Liên Hệ,Hết hàng,2024-10-01 18:47:00
Realme GT,Giá Liên Hệ,Hết hàng,2024-10-01 18:47:00
Vsmart Aris 2,Giá Liên Hệ,Hết hàng,2024-10-01 18:47:00
Vsmart Live 5,Giá Liên Hệ,Hết hàng,2024-10-01 18:47:00
Xiaomi Redmi Note 10 JE,Giá Liên Hệ,Hết hàng,2024-10-01 18:47:00
Vivo Y12G,Giá Liên Hệ,Hết hàng,2024-10-01 18:47:00
OPPO A16s,Giá Liên Hệ,Hết hàng,2024-10-01 18:47:00
Xiaomi Mi 11 Lite new 5G,Giá Liên Hệ,Hết hàng,2024-10-01 18:47:00
Huawei Nova Y60,Giá Liên Hệ,Hết hàng,2024-10-01 18:47:00
Xiaomi Redmi 10 Prime,Giá Liên Hệ,Hết hàng,2024-10-01 18:47:00
Vivo S10e,Giá Liên Hệ,Hết hàng,2024-10-01 18:47:00
Oppo A11s,Giá Liên Hệ,Hết hàng,2024-10-01 18:47:00
Vivo S10,Giá Liên Hệ,Hết hàng,2024-10-01 18:47:00
Xiaomi Mi CC11,Giá Liên Hệ,Hết hàng,2024-10-01 18:47:00
Redmi A1+,Giá Liên Hệ,Hết hàng,2024-10-01 18:47:00
OnePlus Ace,Giá Liên Hệ,Hết hàng,2024-10-01 18:47:00
Vivo S15 Pro,Giá Liên Hệ,Hết hàng,2024-10-01 18:47:00
Xiaomi Poco C40,Giá Liên Hệ,Hết hàng,2024-10-01 18:47:00
vivo S15,Giá Liên Hệ,Hết hàng,2024-10-01 18:47:00
Vivo Y15c,Giá Liên Hệ,Hết hàng,2024-10-01 18:47:00
Xiaomi Redmi 11,Giá Liên Hệ,Hết hàng,2024-10-01 18:47:00
Xiaomi Redmi K50S Pro,Giá Liên Hệ,Hết hàng,2024-10-01 18:47:00
Vivo Y77e 5G,Giá Liên Hệ,Hết hàng,2024-10-01 18:47:00
Vivo Y33e,Giá Liên Hệ,Hết hàng,2024-10-01 18:47:00
Điện thoại Phillips E506,Giá Liên Hệ,Hết hàng,2024-10-01 18:47:00
Realme X7 Max,Giá Liên Hệ,Hết hàng,2024-10-01 18:47:00
Vivo T2x,Giá Liên Hệ,Hết hàng,2024-10-01 18:47:00
Xiaomi Redmi K50 Ultra,Giá Liên Hệ,Hết hàng,2024-10-01 18:47:00
Honor X40i,Giá Liên Hệ,Hết hàng,2024-10-01 18:47:00
Nubia Red Magic 7 Pro,Giá Liên Hệ,Hết hàng,2024-10-01 18:47:00
Tecno Spark 8P,Giá Liên Hệ,Hết hàng,2024-10-01 18:47:00
Nubia Red Magic 7S,Giá Liên Hệ,Hết hàng,2024-10-01 18:47:00
Xiaomi Mi 11X,Giá Liên Hệ,Hết hàng,2024-10-01 18:47:00
Doogee V30T,Giá Liên Hệ,Hết hàng,2024-10-01 18:47:00
Vivo Y77T,Giá Liên Hệ,Hết hàng,2024-10-01 18:47:00
Realme C50s,Giá Liên Hệ,Hết hàng,2024-10-01 18:47:00
iPhone 16 Ultra,Giá Liên Hệ,Hết hàng,2024-10-01 18:47:00
Oppo Reno 20x Zoom,Giá Liên Hệ,Hết hàng,2024-10-01 18:47:00
Huawei Mate X3,Giá Liên Hệ,Hết hàng,2024-10-01 18:47:00
OPPO Reno8 Lite,Giá Liên Hệ,Hết hàng,2024-10-01 18:47:00
Samsung Galaxy S22 FE,Giá Liên Hệ,Hết hàng,2024-10-01 18:47:00
Tecno Spark 9,Giá Liên Hệ,Hết hàng,2024-10-01 18:47:00
OPPO A7 32GB,Giá Liên Hệ,Hết hàng,2024-10-01 18:47:00
Oppo F11 Pro 128GB,8490000,Còn hàng,2024-10-01 18:47:00
OnePlus Nord 2T,Giá Liên Hệ,Hết hàng,2024-10-01 18:47:00
Realme X7,Giá Liên Hệ,Hết hàng,2024-10-01 18:47:00
Samsung Galaxy F41,Giá Liên Hệ,Hết hàng,2024-10-01 18:47:00
Huawei Enjoy 20 Pro,Giá Liên Hệ,Hết hàng,2024-10-01 18:47:00
Realme V3,Giá Liên Hệ,Hết hàng,2024-10-01 18:47:00
Oppo Reno 4F,Giá Liên Hệ,Hết hàng,2024-10-01 18:47:00
Vsmart Bee Lite,Giá Liên Hệ,Hết hàng,2024-10-01 18:47:00
Masstel Tab 8 Pro,Giá Liên Hệ,Hết hàng,2024-10-01 18:47:00
Samsung Galaxy F02s,Giá Liên Hệ,Hết hàng,2024-10-01 18:47:00
Vivo Y78m,Giá Liên Hệ,Hết hàng,2024-10-01 18:47:00
Vivo Y35M Plus,Giá Liên Hệ,Hết hàng,2024-10-01 18:47:00
Xiaomi Mi 8 SE 6GB RAM,Giá Liên Hệ,Hết hàng,2024-10-01 18:47:00
Poco M2 Realoaded,Giá Liên Hệ,Hết hàng,2024-10-01 18:47:00
Nokia 6.4,Giá Liên Hệ,Hết hàng,2024-10-01 18:47:00
Nokia C10,Giá Liên Hệ,Hết hàng,2024-10-01 18:47:00
Vivo S7e 5G,Giá Liên Hệ,Hết hàng,2024-10-01 18:47:00
Vivo Y3s,Giá Liên Hệ,Hết hàng,2024-10-01 18:47:00
Samsung Galaxy M31 Prime,Giá Liên Hệ,Hết hàng,2024-10-01 18:47:00
Samsung Galaxy M13 5G,Giá Liên Hệ,Hết hàng,2024-10-01 18:47:00
HTC Wildfire E Star,Giá Liên Hệ,Hết hàng,2024-10-01 18:47:00
Samsung Galaxy Note 10 Pro,Giá Liên Hệ,Hết hàng,2024-10-01 18:47:00
Vivo Y1s,Giá Liên Hệ,Hết hàng,2024-10-01 18:47:00
Nokia 1.4,Giá Liên Hệ,Hết hàng,2024-10-01 18:47:00
Realme C21,Giá Liên Hệ,Hết hàng,2024-10-01 18:47:00
Vivo Y21e,Giá Liên Hệ,Hết hàng,2024-10-01 18:47:00
Xiaomi Redmi 9i,Giá Liên Hệ,Hết hàng,2024-10-01 18:47:00
Xiaomi POCO M3,Giá Liên Hệ,Hết hàng,2024-10-01 18:47:00
Bphone B60,Giá Liên Hệ,Hết hàng,2024-10-01 18:47:00
Nokia C3,Giá Liên Hệ,Hết hàng,2024-10-01 18:47:00
Oppo K9,Giá Liên Hệ,Hết hàng,2024-10-01 18:47:00
Realme C30,Giá Liên Hệ,Hết hàng,2024-10-01 18:47:00
Xiaomi Mi 8 SE 4GB RAM,Giá Liên Hệ,Hết hàng,2024-10-01 18:47:00
Vivo S16,Giá Liên Hệ,Hết hàng,2024-10-01 18:47:00
Realme 10 8GB 256GB,Giá Liên Hệ,Hết hàng,2024-10-01 18:47:00
Samsung Galaxy Jump2,Giá Liên Hệ,Hết hàng,2024-10-01 18:47:00
Samsung Galaxy M53 5G,Giá Liên Hệ,Hết hàng,2024-10-01 18:47:00
Nokia X20,Giá Liên Hệ,Hết hàng,2024-10-01 18:47:00
Samsung Galaxy M12,Giá Liên Hệ,Hết hàng,2024-10-01 18:47:00
Samsung Galaxy M42,Giá Liên Hệ,Hết hàng,2024-10-01 18:47:00
Samsung Galaxy W21 5G,Giá Liên Hệ,Hết hàng,2024-10-01 18:47:00
Realme 8i,Giá Liên Hệ,Hết hàng,2024-10-01 18:47:00
Huawei P50 Pro+,Giá Liên Hệ,Hết hàng,2024-10-01 18:47:00
Xiaomi Mi 11 Pro,Giá Liên Hệ,Hết hàng,2024-10-01 18:47:00
Huawei Mate 40 Pro Plus,Giá Liên Hệ,Hết hàng,2024-10-01 18:47:00
Oppo Reno 5 Pro,Giá Liên Hệ,Hết hàng,2024-10-01 18:47:00
Huawei P50,Giá Liên Hệ,Hết hàng,2024-10-01 18:47:00
Samsung Galaxy F23 5G,Giá Liên Hệ,Hết hàng,2024-10-01 18:47:00
OnePlus 10R,Giá Liên Hệ,Hết hàng,2024-10-01 18:47:00
OPPO A54s,Giá Liên Hệ,Hết hàng,2024-10-01 18:47:00
Samsung Galaxy M33,Giá Liên Hệ,Hết hàng,2024-10-01 18:47:00
Realme GT Neo 2T,Giá Liên Hệ,Hết hàng,2024-10-01 18:47:00
Xiaomi Redmi K50 Pro Plus,Giá Liên Hệ,Hết hàng,2024-10-01 18:47:00
Xiaomi Mi 10 Pro Plus,Giá Liên Hệ,Hết hàng,2024-10-01 18:47:00
Oppo Reno4 Lite,Giá Liên Hệ,Hết hàng,2024-10-01 18:47:00
Xiaomi Mi 10T Lite,Giá Liên Hệ,Hết hàng,2024-10-01 18:47:00
Vivo S10 Pro,Giá Liên Hệ,Hết hàng,2024-10-01 18:47:00
Oppo Reno 6 Pro,Giá Liên Hệ,Hết hàng,2024-10-01 18:47:00
Oppo Reno5 Z 5G,Giá Liên Hệ,Hết hàng,2024-10-01 18:47:00
Xiaomi Note 12 Pro Plus,Giá Liên Hệ,Hết hàng,2024-10-01 18:47:00
Oneplus Nord N20,Giá Liên Hệ,Hết hàng,2024-10-01 18:47:00
Vivo S12,Giá Liên Hệ,Hết hàng,2024-10-01 18:47:00
ASUS ZenFone 9,Giá Liên Hệ,Hết hàng,2024-10-01 18:47:00
Nokia G400,Giá Liên Hệ,Hết hàng,2024-10-01 18:47:00
Huawei Nova 9 Pro,Giá Liên Hệ,Hết hàng,2024-10-01 18:47:00
Xiaomi CC11 Pro,Giá Liên Hệ,Hết hàng,2024-10-01 18:47:00
Xiaomi Civi Pro,Giá Liên Hệ,Hết hàng,2024-10-01 18:47:00
vivo Y18S 8GB 256GB,Giá Liên Hệ,Hết hàng,2024-10-01 18:47:00
Xiaomi Redmi Note 9T 5G,Giá Liên Hệ,Hết hàng,2024-10-01 18:47:00
Xiaomi Mi Mix Flip,Giá Liên Hệ,Hết hàng,2024-10-01 18:47:00
OPPO Find X8 Ultra,Giá Liên Hệ,Hết hàng,2024-10-01 18:47:00
Xiaomi 15 Pro,Giá Liên Hệ,Hết hàng,2024-10-01 18:47:00
OnePlus 13,Giá Liên Hệ,Hết hàng,2024-10-01 18:47:00
Samsung Galaxy A06s,Giá Liên Hệ,Hết hàng,2024-10-01 18:47:00
Mobell M539 4G,Giá Liên Hệ,Hết hàng,2024-10-01 18:47:00
Mobell M139 4G,Giá Liên Hệ,Hết hàng,2024-10-01 18:47:00
Google Pixel 8A,Giá Liên Hệ,Hết hàng,2024-10-01 18:47:00
OPPO Reno12 FS 5G,Giá Liên Hệ,Hết hàng,2024-10-01 18:47:00
Nokia G300,Giá Liên Hệ,Hết hàng,2024-10-01 18:47:00
OnePlus 10,Giá Liên Hệ,Hết hàng,2024-10-01 18:47:00
vivo X100 Ultra,Giá Liên Hệ,Hết hàng,2024-10-01 18:47:00
TECNO SPARK 30 4G 8GB 128GB,Giá Liên Hệ,Hết hàng,2024-10-01 18:47:00
vivo V30E SE,Giá Liên Hệ,Hết hàng,2024-10-01 18:47:00
Xiaomi 14 Lite 8GB 256GB,Giá Liên Hệ,Hết hàng,2024-10-01 18:47:00
realme C65 8GB 128GB,4430000,Còn hàng,2024-10-01 18:47:00
Xiaomi Redmi Note 14 Pro Plus,Giá Liên Hệ,Hết hàng,2024-10-01 18:47:00
